Username,Password,Name,DOB,DiagnosisName,MedicineName,BP,HeartRate,Temp,SpO2,Notes,IsChronic,Severity,Dosage,Frequency,Duration
user1,Pass@4591,Kyle Armstrong,1976-05-06,Flu,Amlodipine,130/72,83,101.1,91,Respond enough number.,False,Medium,2 tablets,Thrice a day,9 days
user2,Pass@1461,Jennifer Irwin,1995-01-19,Migraine,Azithromycin,117/86,98,98.1,97,News six generation network sell lot live.,False,High,1 tablets,Once a day,3 days
user3,Pass@4406,Derrick Miranda,2003-08-24,Diabetes,Amlodipine,108/82,88,99.2,93,Life someone weight fish other staff front.,False,Medium,2 tablets,Twice a day,9 days
user4,Pass@5104,Maria Reilly,1954-12-27,Hypertension,Azithromycin,93/64,63,98.0,98,Product heart phone.,True,High,2 tablets,Twice a day,5 days
user5,Pass@4749,Michael Marshall,1971-10-30,Migraine,Ibuprofen,129/84,97,100.3,96,Who outside have network idea media most.,True,High,1 tablets,Twice a day,5 days
user6,Pass@2256,Robert Diaz,1960-12-18,Hypertension,Amlodipine,125/86,73,97.4,92,Draw simply policy with actually fly public.,False,Low,2 tablets,Once a day,12 days
user7,Pass@1787,Jason Hernandez,1987-11-27,Migraine,Metformin,119/60,87,101.5,93,In country difference.,True,High,2 tablets,Once a day,7 days
user8,Pass@5183,Dr. Jordan Jordan MD,2006-02-21,Covid-19,Metformin,97/86,65,100.8,100,Moment back responsibility concern class long.,False,Low,1 tablets,Twice a day,7 days
user9,Pass@7936,Timothy Barker,1997-10-29,Asthma,Paracetamol,98/82,98,99.1,96,Professional young section drug sister.,True,Medium,2 tablets,Twice a day,11 days
user10,Pass@1856,Russell Hicks,1967-08-29,Flu,Ibuprofen,116/69,74,98.6,96,Glass medical simply head region strategy today.,False,High,1 tablets,Once a day,8 days
user11,Pass@2462,Kevin Clark,1983-06-13,Diabetes,Ibuprofen,105/73,85,99.9,94,Garden situation no this attorney left heavy.,False,Medium,1 tablets,Thrice a day,3 days
user12,Pass@8198,Susan Clark,1988-01-14,Diabetes,Ibuprofen,120/67,71,98.9,91,Man particular newspaper meet fire relationship heart.,False,Low,1 tablets,Once a day,9 days
user13,Pass@7121,Jonathan Jones,1960-10-09,Diabetes,Azithromycin,133/84,75,99.8,93,Onto tell so finally writer.,False,Low,1 tablets,Thrice a day,6 days
user14,Pass@9550,Justin Gross,1959-10-17,Covid-19,Paracetamol,120/70,85,98.4,90,State former student near deal alone.,False,Medium,1 tablets,Twice a day,10 days
user15,Pass@6100,Richard Ferguson,1968-04-30,Hypertension,Paracetamol,135/62,87,98.7,99,Administration benefit economic magazine paper minute.,True,Medium,2 tablets,Once a day,4 days
user16,Pass@8749,Ryan White,1959-06-06,Migraine,Amlodipine,125/90,78,101.5,90,Behind reality style tend mean.,True,High,2 tablets,Once a day,6 days
user17,Pass@6381,Mark Martin,1998-06-07,Diabetes,Amlodipine,122/72,65,97.3,98,Rest third safe argue inside.,True,High,1 tablets,Once a day,6 days
user18,Pass@3096,Richard Pittman,1977-05-23,Diabetes,Amlodipine,103/81,82,100.5,98,Reveal soldier same simply reduce again.,False,Low,2 tablets,Twice a day,13 days
user19,Pass@6479,Hannah Rice,2000-02-29,Flu,Paracetamol,140/73,92,100.3,98,Hear south clear still.,False,High,1 tablets,Thrice a day,4 days
user20,Pass@5867,Brian Williams,2006-05-12,Covid-19,Amlodipine,92/64,92,99.3,94,Well surface ball information.,False,Medium,2 tablets,Twice a day,11 days
user21,Pass@6002,Gabriella Diaz,1988-06-08,Flu,Azithromycin,103/69,90,98.7,99,Say talk play threat land that.,True,Medium,1 tablets,Once a day,10 days
user22,Pass@3756,Catherine Cervantes,1958-03-27,Diabetes,Amlodipine,100/69,80,100.9,93,Change try later husband.,True,Low,2 tablets,Thrice a day,11 days
user23,Pass@6617,Sandra Walker,1960-06-14,Hypertension,Azithromycin,127/62,80,101.3,95,Southern movie medical full plan policy meet.,False,High,2 tablets,Thrice a day,7 days
user24,Pass@7562,Andrew Kirby,1999-06-07,Asthma,Metformin,109/84,98,100.2,100,Enter chance modern too attorney newspaper development.,True,High,2 tablets,Once a day,6 days
user25,Pass@5150,Dustin Jackson,1978-01-12,Hypertension,Amlodipine,90/85,63,98.3,95,Marriage attack heavy any artist.,False,High,1 tablets,Thrice a day,13 days
user26,Pass@4646,Joyce Logan,1988-10-13,Hypertension,Azithromycin,112/67,88,100.4,93,Team suddenly real executive reach when again third.,True,Low,2 tablets,Twice a day,11 days
user27,Pass@4791,David Blevins,1967-05-19,Covid-19,Amlodipine,115/76,62,99.9,95,Continue low prepare it physical blood always third.,True,Low,2 tablets,Once a day,12 days
user28,Pass@1171,Katie Bradley,1978-05-26,Covid-19,Metformin,98/89,86,98.4,92,Run something tax send.,True,High,2 tablets,Twice a day,8 days
user29,Pass@8591,Kristina Willis DDS,1961-02-26,Covid-19,Amlodipine,115/63,94,101.4,100,His environmental executive reveal.,True,Medium,1 tablets,Thrice a day,13 days
user30,Pass@2166,Justin Wang,1968-11-14,Migraine,Amlodipine,118/89,70,101.9,98,Seek talk front generation total set wide.,False,Low,2 tablets,Twice a day,10 days
user31,Pass@8560,Michael Simpson,1971-02-08,Covid-19,Azithromycin,139/89,67,101.9,92,Argue hand everyone large.,False,High,2 tablets,Twice a day,4 days
user32,Pass@2571,Michael Gardner,1950-10-31,Flu,Paracetamol,121/64,81,101.9,100,Able environmental nature how single.,False,High,2 tablets,Thrice a day,4 days
user33,Pass@3426,David Mccarthy,1953-05-03,Flu,Metformin,136/77,78,101.1,93,Camera apply difference receive.,False,High,1 tablets,Thrice a day,11 days
user34,Pass@8397,Terri Lee,1979-11-26,Asthma,Amlodipine,115/87,63,97.4,100,Conference exactly animal participant.,True,High,2 tablets,Twice a day,12 days
user35,Pass@5948,Ian Williamson,1977-03-02,Hypertension,Paracetamol,101/60,77,100.8,93,Federal because last serve certain amount.,False,High,2 tablets,Thrice a day,13 days
user36,Pass@7872,Brandi Barnett,1996-03-14,Flu,Ibuprofen,94/83,82,98.5,95,Government along leader movement church begin measure.,False,Medium,1 tablets,Thrice a day,4 days
user37,Pass@1731,Jennifer Donovan,1997-10-22,Flu,Azithromycin,125/70,70,97.3,90,Watch story point agreement offer.,True,Low,2 tablets,Thrice a day,3 days
user38,Pass@4506,Danielle Mclean,1974-11-09,Asthma,Amlodipine,126/83,74,97.9,91,Most suffer fear notice tell exactly tell.,True,Low,1 tablets,Thrice a day,7 days
user39,Pass@7434,David Meyer,1976-08-11,Covid-19,Paracetamol,101/90,63,99.5,92,Cultural blood dream buy we painting point together.,True,High,1 tablets,Thrice a day,7 days
user40,Pass@1181,Emily Soto,1975-11-14,Diabetes,Metformin,99/74,71,101.6,100,With last care well against learn try.,False,Low,1 tablets,Once a day,13 days
user41,Pass@2483,Vanessa Moss,2003-10-13,Asthma,Amlodipine,124/60,97,97.1,98,Relate go trade think trouble standard really.,True,High,1 tablets,Thrice a day,5 days
user42,Pass@7679,Laura Day,1999-06-04,Diabetes,Metformin,109/72,86,97.4,91,To name star something cut end.,False,Medium,1 tablets,Once a day,11 days
user43,Pass@1294,Heather Kim,1951-01-05,Diabetes,Paracetamol,114/86,95,101.0,98,Feel shake cold section easy however.,False,High,1 tablets,Once a day,14 days
user44,Pass@1900,William Jones,1981-02-08,Diabetes,Ibuprofen,126/86,68,97.1,92,Mind them sure of behavior help course.,False,Medium,2 tablets,Twice a day,6 days
user45,Pass@9948,Keith Wilkerson,1992-09-30,Hypertension,Paracetamol,120/84,90,100.5,97,Relationship the international middle something image hospital.,False,Low,1 tablets,Twice a day,6 days
user46,Pass@3817,Daniel Norman,2004-08-01,Hypertension,Amlodipine,116/62,60,101.6,91,Hair energy state site.,False,High,1 tablets,Once a day,5 days
user47,Pass@3141,Allison Waters,1980-11-21,Hypertension,Paracetamol,110/70,87,98.4,100,Arrive look production site fund vote.,False,Low,2 tablets,Thrice a day,4 days
user48,Pass@1091,Kimberly Green,1954-02-15,Asthma,Azithromycin,94/86,60,99.3,94,Feeling summer kind tax word.,True,Low,1 tablets,Thrice a day,12 days
user49,Pass@5330,Rebecca Strong,1949-08-28,Migraine,Paracetamol,105/87,75,98.8,91,Question drug give lot unit campaign trouble moment.,True,High,1 tablets,Twice a day,6 days
user50,Pass@1476,Christine Mercer,1954-10-21,Migraine,Paracetamol,130/71,93,97.3,98,Two forward seem suddenly degree.,False,Medium,2 tablets,Once a day,4 days
user51,Pass@1926,Nicole Walsh,1950-11-14,Covid-19,Amlodipine,95/67,74,99.9,93,Quality production not discussion else standard.,True,High,2 tablets,Once a day,3 days
user52,Pass@7079,Aaron Ramirez,1957-05-06,Migraine,Azithromycin,136/74,82,99.7,93,Send eye customer moment staff fall remember foreign.,True,High,1 tablets,Thrice a day,13 days
user53,Pass@5301,Timothy Soto,1993-05-25,Diabetes,Metformin,136/84,73,98.3,92,World day watch tree.,True,Low,1 tablets,Once a day,3 days
user54,Pass@1859,Jean Mccormick,1985-08-15,Migraine,Metformin,91/90,78,100.6,91,Lawyer ability rest write soon identify argue.,False,Medium,1 tablets,Once a day,13 days
user55,Pass@1897,Jose Wheeler,1955-09-03,Asthma,Azithromycin,133/86,77,101.6,97,National number amount loss must.,False,Low,1 tablets,Once a day,7 days
user56,Pass@1170,Mark Miller,1992-01-06,Migraine,Metformin,134/83,61,99.5,93,Food education two for write.,True,Medium,1 tablets,Twice a day,3 days
user57,Pass@2534,Nicole Hernandez,2001-11-20,Covid-19,Amlodipine,140/69,92,99.2,99,Among however agent.,False,Medium,1 tablets,Thrice a day,3 days
user58,Pass@1629,Brandon Johnson,1969-06-18,Diabetes,Ibuprofen,100/76,81,98.7,95,Computer crime mother tree worker.,True,Medium,2 tablets,Thrice a day,8 days
user59,Pass@3337,Walter Harper,1976-04-11,Asthma,Metformin,121/71,72,100.7,91,Throughout recognize lawyer course.,True,High,1 tablets,Thrice a day,13 days
user60,Pass@6355,Mark Ellis,1969-04-11,Covid-19,Ibuprofen,102/69,75,98.1,100,Member food what degree last.,False,Low,1 tablets,Thrice a day,9 days
user61,Pass@8713,Adam Cooper,1968-05-09,Diabetes,Metformin,129/70,83,99.8,94,Lawyer thought reduce record.,True,High,1 tablets,Thrice a day,5 days
user62,Pass@8984,Vincent Rodriguez,1951-08-04,Migraine,Ibuprofen,90/77,89,99.5,96,Provide commercial into.,False,Low,2 tablets,Once a day,10 days
user63,Pass@9217,Jerry Young,1989-12-05,Flu,Metformin,110/66,96,99.9,98,Exactly have past customer focus.,False,Low,1 tablets,Thrice a day,14 days
user64,Pass@6232,Benjamin Tapia,2000-05-02,Flu,Amlodipine,95/90,64,101.9,96,Store whether week question religious.,True,Medium,2 tablets,Twice a day,9 days
user65,Pass@1288,Robert Kelley,1988-08-21,Migraine,Amlodipine,117/68,98,97.9,92,Truth sign couple.,True,Medium,1 tablets,Once a day,5 days
user66,Pass@4524,Elizabeth George,1945-12-12,Migraine,Metformin,105/85,67,97.9,94,Ten lay president fish past.,True,Low,1 tablets,Thrice a day,7 days
user67,Pass@4139,Leah Miller,1983-09-18,Migraine,Paracetamol,130/69,71,101.3,98,Gas situation arrive.,False,Medium,1 tablets,Once a day,11 days
user68,Pass@3301,Hannah Phillips,1963-05-19,Migraine,Metformin,97/84,74,98.0,98,Part its economy fill dinner participant president safe.,False,Low,2 tablets,Once a day,6 days
user69,Pass@1637,Edward Ross,2004-07-06,Hypertension,Ibuprofen,91/84,62,100.3,93,Support or employee down state yeah build.,True,Medium,2 tablets,Twice a day,6 days
user70,Pass@7797,Erika Cunningham,1982-09-22,Flu,Azithromycin,101/62,80,98.1,96,Be in among human condition such group degree.,True,Medium,2 tablets,Once a day,6 days
user71,Pass@9444,Rachel Warren,1989-05-11,Hypertension,Azithromycin,111/63,64,98.0,91,Recent industry peace morning.,True,Medium,1 tablets,Once a day,6 days
user72,Pass@5126,Luke Miller,2005-09-30,Asthma,Ibuprofen,98/71,100,101.3,93,Born door almost economy laugh story past.,False,Medium,2 tablets,Once a day,3 days
user73,Pass@3313,Johnny Wilson,1969-04-29,Hypertension,Metformin,96/81,73,101.5,97,Throughout Mr approach write.,False,Medium,2 tablets,Thrice a day,4 days
user74,Pass@9553,Shawna Dixon,1994-10-19,Diabetes,Amlodipine,136/90,88,97.6,95,Identify outside world forward our.,False,Low,1 tablets,Twice a day,14 days
user75,Pass@3323,Meghan Perez,1984-01-20,Migraine,Azithromycin,139/74,76,101.7,90,Remember move discussion medical.,True,Low,2 tablets,Once a day,6 days
user76,Pass@5836,Christopher Mendoza,1972-08-29,Migraine,Ibuprofen,119/74,81,99.4,93,Church what hard trial under.,False,High,1 tablets,Twice a day,11 days
user77,Pass@7206,Dustin Murphy,1969-10-08,Diabetes,Metformin,117/72,99,99.0,99,Provide western will staff effect.,True,High,2 tablets,Twice a day,10 days
user78,Pass@7076,Michael Combs,1990-09-07,Flu,Metformin,140/90,61,98.2,96,None democratic public fire case consumer get must.,True,High,1 tablets,Once a day,8 days
user79,Pass@6723,Jennifer Brown,1963-08-01,Flu,Azithromycin,128/70,95,97.8,99,Where week treat read explain investment anyone.,False,High,1 tablets,Once a day,11 days
user80,Pass@9576,Stephen Crawford,1984-07-13,Covid-19,Amlodipine,104/69,85,100.1,100,Fill seek share grow wait call how.,False,Low,1 tablets,Twice a day,7 days
user81,Pass@2389,Deanna Powell,1971-07-16,Flu,Ibuprofen,103/64,65,100.3,91,Four minute rather after.,True,Medium,2 tablets,Twice a day,10 days
user82,Pass@6125,Jeffrey Campbell,1948-02-01,Flu,Metformin,90/89,75,101.4,100,Avoid various range sing measure.,True,High,2 tablets,Once a day,11 days
user83,Pass@4772,John Mason,1960-11-29,Hypertension,Ibuprofen,131/63,100,100.9,97,Both final military almost almost already.,True,Medium,2 tablets,Once a day,10 days
user84,Pass@1649,Ryan Holder,1980-06-13,Flu,Paracetamol,96/66,78,100.1,90,Garden decide plan knowledge trade meet.,True,Low,2 tablets,Once a day,5 days
user85,Pass@1779,Kimberly Mcdaniel,1989-08-11,Flu,Amlodipine,99/78,64,97.6,98,Of eye similar.,True,Low,2 tablets,Twice a day,13 days
user86,Pass@3593,Robert Schultz,1980-02-10,Diabetes,Paracetamol,125/62,78,98.5,100,Capital discuss investment scientist research movement ever.,False,Medium,2 tablets,Twice a day,5 days
user87,Pass@9852,Maria Castillo,1968-03-04,Migraine,Paracetamol,94/86,68,97.1,93,Drive environment part exist.,False,Medium,2 tablets,Once a day,10 days
user88,Pass@9024,Sydney King DDS,1985-09-23,Asthma,Amlodipine,129/86,63,97.2,99,Write report degree page organization capital.,True,Medium,1 tablets,Thrice a day,4 days
user89,Pass@3149,Aaron Lewis,1952-05-15,Covid-19,Amlodipine,125/90,74,100.9,95,Mind about particular actually worry.,False,Medium,1 tablets,Once a day,7 days
user90,Pass@6724,Victoria Thomas,1952-08-12,Asthma,Amlodipine,91/77,68,101.2,94,So continue every condition place.,True,High,1 tablets,Thrice a day,13 days
user91,Pass@4607,Sandy Williams,1983-08-06,Migraine,Amlodipine,116/69,66,100.2,100,Have item least stop.,False,Medium,1 tablets,Thrice a day,4 days
user92,Pass@1571,Linda Torres,1988-01-26,Covid-19,Metformin,123/86,93,99.0,94,Require nothing continue garden close yourself behavior ten.,False,Low,2 tablets,Thrice a day,4 days
user93,Pass@4770,Christopher Roberts,1967-04-08,Migraine,Paracetamol,131/82,73,98.3,93,Art wish quality wait.,False,Medium,1 tablets,Once a day,9 days
user94,Pass@8214,Cathy Burnett,1953-06-14,Migraine,Metformin,113/79,65,97.3,95,Dark stand describe color attorney bank indeed.,False,Medium,1 tablets,Thrice a day,12 days
user95,Pass@4568,Robert Cordova,2002-01-08,Asthma,Azithromycin,99/63,95,99.4,98,Bank nation drug.,True,High,2 tablets,Once a day,4 days
user96,Pass@1241,Edward Drake,1953-09-17,Hypertension,Ibuprofen,115/85,94,101.5,94,Dinner east laugh discover.,True,Medium,1 tablets,Once a day,8 days
user97,Pass@6314,Caleb Martin,1994-09-05,Diabetes,Azithromycin,98/81,97,97.1,98,Radio condition own per.,True,Low,2 tablets,Thrice a day,5 days
user98,Pass@1715,Douglas Thomas,1972-03-09,Migraine,Azithromycin,117/80,72,100.4,90,Bring avoid whom exist defense protect control.,True,Medium,2 tablets,Twice a day,13 days
user99,Pass@8482,Anthony Collins,2004-08-20,Asthma,Paracetamol,109/63,98,98.2,97,Ago thing where eight common.,True,High,2 tablets,Twice a day,9 days
user100,Pass@4923,Rebecca Scott,1996-01-22,Covid-19,Ibuprofen,115/76,95,101.7,95,Notice price eye bar next sure.,False,Low,1 tablets,Twice a day,3 days
user101,Pass@2764,Jeffrey Edwards,1965-01-25,Hypertension,Ibuprofen,97/89,96,100.0,92,Bit art service moment since plan.,False,Low,1 tablets,Thrice a day,8 days
user102,Pass@2145,Kelli Snyder,2001-05-05,Hypertension,Metformin,140/83,71,100.8,98,Society beat teach always necessary many.,False,Low,2 tablets,Twice a day,3 days
user103,Pass@9859,Brandon Moore,1953-09-27,Migraine,Azithromycin,97/76,98,98.7,91,How discuss yourself with yard feel.,False,Medium,2 tablets,Once a day,13 days
user104,Pass@5916,Russell Allen,1957-05-30,Flu,Amlodipine,137/63,89,99.0,98,Four mother budget citizen.,True,Medium,1 tablets,Thrice a day,3 days
user105,Pass@7036,Rachel Gonzalez,1958-12-01,Covid-19,Azithromycin,106/81,87,99.2,98,The them wife improve few wrong little.,True,High,1 tablets,Thrice a day,3 days
user106,Pass@5082,Matthew Nguyen,1950-01-10,Asthma,Azithromycin,118/62,90,99.3,96,Bed politics child old.,True,High,1 tablets,Thrice a day,6 days
user107,Pass@9145,Penny Smith,1971-06-07,Covid-19,Paracetamol,92/84,91,100.5,92,Game environment interest thing especially store.,True,High,2 tablets,Twice a day,6 days
user108,Pass@2151,Belinda Phillips,1993-06-05,Flu,Amlodipine,104/72,95,101.9,99,Pay during than.,True,Low,2 tablets,Twice a day,10 days
user109,Pass@6079,Mark Nelson,1990-08-15,Diabetes,Paracetamol,120/77,87,101.9,90,Prevent open possible role defense.,False,High,1 tablets,Twice a day,13 days
user110,Pass@8493,Amy Carter,1997-03-26,Migraine,Ibuprofen,95/81,93,98.2,94,Mr sport understand anything upon system nothing.,False,Medium,1 tablets,Thrice a day,4 days
user111,Pass@3321,John Melendez,1994-11-21,Covid-19,Paracetamol,91/65,89,99.4,95,Present cold right too.,True,Medium,1 tablets,Twice a day,10 days
user112,Pass@1459,Kathy Garcia,1963-01-29,Hypertension,Azithromycin,110/83,69,97.4,93,Later wrong Mr rich author same adult senior.,True,High,1 tablets,Once a day,11 days
user113,Pass@2919,Anthony Rodriguez,1948-08-18,Diabetes,Amlodipine,130/63,88,101.6,90,Right parent him go nice fund dream.,False,High,1 tablets,Twice a day,5 days
user114,Pass@3361,Jeffrey Horne,1969-07-23,Covid-19,Ibuprofen,126/64,61,99.3,92,Simple color officer sell lawyer character read.,True,High,2 tablets,Thrice a day,14 days
user115,Pass@8367,Sue Flowers,1994-03-19,Covid-19,Metformin,120/65,73,98.7,93,Center Republican read about could simple few myself.,False,High,2 tablets,Thrice a day,12 days
user116,Pass@4273,Michelle Ibarra,1971-05-20,Asthma,Metformin,101/65,93,100.5,98,War create among think couple cause.,False,Low,2 tablets,Once a day,10 days
user117,Pass@5095,Angela Stark,1977-02-17,Diabetes,Ibuprofen,93/84,81,97.1,99,Now always focus hope.,False,Medium,2 tablets,Once a day,7 days
user118,Pass@4596,Edward Friedman,1997-04-14,Diabetes,Ibuprofen,104/69,71,98.6,97,Tax rate official.,False,Low,1 tablets,Thrice a day,4 days
user119,Pass@5598,Lindsey Gonzales,1972-03-22,Flu,Amlodipine,93/60,97,99.9,95,Seat blood before source particularly.,True,High,1 tablets,Thrice a day,6 days
user120,Pass@9745,Raymond Castillo,2007-12-18,Migraine,Amlodipine,133/63,88,99.2,91,Site thousand safe responsibility state agreement.,True,Low,1 tablets,Twice a day,13 days
user121,Pass@4815,Justin Griffin,1963-04-02,Covid-19,Amlodipine,123/72,85,101.2,99,Including situation site small real report.,False,Low,2 tablets,Twice a day,7 days
user122,Pass@4905,Gary Cox,1965-12-09,Asthma,Paracetamol,111/78,88,101.2,98,Follow especially institution him.,False,Low,2 tablets,Once a day,13 days
user123,Pass@3670,Amber Mccoy,1964-11-25,Flu,Metformin,91/67,68,101.2,94,Kitchen dark person under.,False,High,2 tablets,Thrice a day,8 days
user124,Pass@9933,Roy Davis,1950-04-22,Hypertension,Amlodipine,102/74,84,101.4,96,Response camera front cover.,False,Low,1 tablets,Once a day,12 days
user125,Pass@5202,Melanie Miller,1988-10-12,Diabetes,Paracetamol,139/88,71,102.0,91,Other miss argue agent enjoy skill.,True,Low,2 tablets,Once a day,9 days
user126,Pass@2673,Melinda Evans,1973-05-06,Asthma,Ibuprofen,93/70,77,99.0,90,Let series simply truth.,True,Low,2 tablets,Twice a day,12 days
user127,Pass@4921,Matthew Porter,1973-03-04,Flu,Ibuprofen,116/72,62,99.6,94,Through direction under think beyond billion scene across.,False,Medium,2 tablets,Once a day,3 days
user128,Pass@1766,Jessica Walton,1959-08-29,Migraine,Azithromycin,94/61,61,101.4,93,Conference cost owner available.,True,Low,2 tablets,Twice a day,6 days
user129,Pass@6032,Craig Hardy,1971-04-08,Diabetes,Paracetamol,123/70,88,98.8,99,Piece apply point.,True,Low,1 tablets,Twice a day,6 days
user130,Pass@9911,Christopher Gray,1962-11-12,Covid-19,Paracetamol,136/73,89,100.1,92,Federal when within country perhaps.,True,High,1 tablets,Thrice a day,3 days
user131,Pass@2215,Justin Johnson,1979-03-05,Flu,Azithromycin,116/64,69,99.3,90,Too minute nor our.,False,High,1 tablets,Once a day,9 days
user132,Pass@6236,Kristen Odonnell,1983-09-03,Asthma,Azithromycin,93/61,85,98.6,97,Past budget school civil its anyone officer true.,False,High,2 tablets,Thrice a day,8 days
user133,Pass@1388,Claudia Johnson,2006-07-31,Flu,Amlodipine,115/69,64,99.8,91,Mother information people often relate allow wide.,False,High,2 tablets,Thrice a day,7 days
user134,Pass@2653,Alex Hayes,1995-05-19,Covid-19,Ibuprofen,113/83,98,98.4,94,Feel chance ok leave left attention.,False,High,2 tablets,Twice a day,9 days
user135,Pass@5263,Deborah Scott,1974-06-02,Diabetes,Paracetamol,129/85,64,98.4,94,Event cultural how.,False,Medium,2 tablets,Thrice a day,5 days
user136,Pass@5289,Caroline Hoffman,1987-01-28,Diabetes,Azithromycin,115/76,68,97.2,100,Central chance accept significant one.,True,High,2 tablets,Once a day,12 days
user137,Pass@2212,Evan Perry,2006-01-11,Migraine,Azithromycin,115/71,69,98.3,96,Mission expert half give.,True,Low,2 tablets,Twice a day,5 days
user138,Pass@6730,Joshua Campbell,1971-12-23,Covid-19,Azithromycin,97/73,96,101.0,94,Fund specific few yes successful.,False,Medium,2 tablets,Thrice a day,6 days
user139,Pass@6492,Rose Gay,1998-12-03,Hypertension,Paracetamol,135/73,77,99.1,96,Election your reality scene nor.,True,Low,1 tablets,Thrice a day,7 days
user140,Pass@5013,Margaret Johnson,1980-04-05,Asthma,Amlodipine,108/67,87,97.7,92,Pretty generation road design happen authority blue.,False,Medium,2 tablets,Thrice a day,7 days
user141,Pass@6622,Christine Dunn,1978-03-15,Diabetes,Amlodipine,130/66,91,97.9,93,Single exactly new.,True,Low,1 tablets,Twice a day,9 days
user142,Pass@4818,James Bautista,1982-09-08,Diabetes,Ibuprofen,136/80,76,97.7,95,Production table finally these cut.,False,Medium,2 tablets,Twice a day,4 days
user143,Pass@9283,Amanda Vasquez,1953-12-27,Hypertension,Paracetamol,98/89,89,97.9,92,Meeting claim color along.,True,Medium,1 tablets,Thrice a day,8 days
user144,Pass@2770,Richard Swanson,1950-05-28,Diabetes,Paracetamol,97/62,82,97.6,90,Benefit ground thus.,False,Low,2 tablets,Twice a day,3 days
user145,Pass@6536,Marie Marshall,1945-11-08,Covid-19,Paracetamol,114/89,95,100.8,97,Each apply population seat camera itself gas.,False,Medium,1 tablets,Twice a day,10 days
user146,Pass@4144,James Cervantes,1949-10-27,Hypertension,Amlodipine,103/67,94,98.5,95,True action day white movie like.,False,Low,1 tablets,Thrice a day,9 days
user147,Pass@3626,Caleb Martinez,1945-04-22,Diabetes,Azithromycin,103/72,97,97.2,98,Respond head western three yard they simply.,False,High,2 tablets,Thrice a day,11 days
user148,Pass@6593,Miss Jill Tate,2003-09-05,Flu,Paracetamol,92/85,93,97.9,96,Fear watch west resource.,True,Medium,2 tablets,Thrice a day,12 days
user149,Pass@3005,James David,2002-04-09,Asthma,Amlodipine,105/87,74,97.4,93,End similar return that let however lay.,True,Medium,2 tablets,Thrice a day,6 days
user150,Pass@1512,Christina Clarke,1972-11-16,Diabetes,Metformin,139/72,63,98.0,97,Hotel common happen likely research.,True,Medium,1 tablets,Twice a day,7 days
user151,Pass@3611,Danny Woods,1959-06-16,Migraine,Ibuprofen,117/69,66,99.1,94,Building vote about.,False,Medium,2 tablets,Twice a day,3 days
user152,Pass@4390,Edward Black,1967-12-28,Hypertension,Amlodipine,109/74,86,98.4,98,Money road money plan race conference.,True,High,1 tablets,Twice a day,3 days
user153,Pass@3429,Jasmine Ochoa,2002-05-12,Flu,Metformin,137/64,60,99.2,96,Pay when others such choose list.,False,High,2 tablets,Thrice a day,7 days
user154,Pass@8784,Shannon Lewis,1950-05-06,Hypertension,Metformin,114/63,84,101.7,99,During owner commercial market policy population entire.,False,Medium,2 tablets,Twice a day,8 days
user155,Pass@4481,Matthew Brown,1985-04-18,Migraine,Ibuprofen,125/70,74,101.8,96,Will leg politics explain.,True,Medium,2 tablets,Thrice a day,7 days
user156,Pass@6798,Cesar Jensen,1972-11-02,Covid-19,Metformin,139/65,70,99.7,97,Stop interview medical thing mean here.,True,Low,2 tablets,Once a day,13 days
user157,Pass@2569,Christopher Martinez,1959-04-30,Hypertension,Paracetamol,102/81,76,100.7,92,Federal threat represent here scene institution.,False,Medium,2 tablets,Twice a day,11 days
user158,Pass@5558,Dr. Timothy Everett PhD,1976-10-27,Migraine,Azithromycin,107/85,67,101.4,99,Local event major personal cut else three.,True,Medium,1 tablets,Twice a day,5 days
user159,Pass@7179,Angela Lee,1982-08-19,Migraine,Paracetamol,128/77,95,99.3,97,Choose camera shake difference fly agreement decision.,False,Low,2 tablets,Twice a day,10 days
user160,Pass@5245,Reginald Mccarthy,1964-05-19,Flu,Paracetamol,125/78,80,97.0,97,Box actually amount rule.,True,High,1 tablets,Thrice a day,8 days
user161,Pass@8097,Justin Martinez,1986-01-01,Hypertension,Azithromycin,92/80,61,98.5,93,Quality some race option clearly.,False,High,2 tablets,Twice a day,13 days
user162,Pass@4784,Walter Morrison,1976-12-15,Asthma,Amlodipine,124/65,66,101.6,90,Standard development item act bit that large although.,False,High,1 tablets,Thrice a day,10 days
user163,Pass@3007,Megan Morris,1961-02-15,Diabetes,Amlodipine,96/89,68,98.4,96,Together job whole find improve goal.,False,High,2 tablets,Twice a day,10 days
user164,Pass@8125,Brian Castillo,1986-12-04,Migraine,Azithromycin,111/66,64,98.4,94,Find within peace room challenge plan Mrs.,False,Low,1 tablets,Thrice a day,11 days
user165,Pass@1169,Mr. Brandon Anderson MD,1970-10-28,Diabetes,Amlodipine,112/82,73,99.6,100,Pm control bar rise foreign.,False,High,2 tablets,Once a day,13 days
user166,Pass@2386,Tonya Brooks,1997-07-15,Hypertension,Amlodipine,127/81,61,99.7,97,People add hundred imagine.,False,Low,1 tablets,Twice a day,12 days
user167,Pass@6017,Willie Simmons,2006-09-02,Migraine,Metformin,104/64,89,97.4,99,Police role window mind somebody during.,False,High,1 tablets,Once a day,6 days
user168,Pass@2961,Todd Salazar,1986-08-20,Diabetes,Amlodipine,130/64,98,98.9,97,Wish shoulder never simple current score fire.,True,High,1 tablets,Once a day,8 days
user169,Pass@1272,Bruce Lyons,1953-05-08,Asthma,Paracetamol,114/88,68,99.4,96,Company rule sign approach break cover his.,False,High,2 tablets,Thrice a day,7 days
user170,Pass@8447,Vickie Tate,2004-08-23,Asthma,Azithromycin,111/74,96,101.4,96,Drop very dog style be discussion.,True,Medium,2 tablets,Twice a day,9 days
user171,Pass@7618,Mr. Troy Little,2000-03-21,Covid-19,Metformin,131/82,69,99.1,97,They minute scene with.,False,Medium,1 tablets,Thrice a day,11 days
user172,Pass@8103,Renee Baker,1956-11-06,Migraine,Amlodipine,91/79,61,100.3,94,Short know only after public.,True,High,2 tablets,Thrice a day,13 days
user173,Pass@2647,Raymond Downs,1975-12-26,Diabetes,Ibuprofen,131/60,84,97.4,100,Him central term soldier current base amount five.,True,Low,2 tablets,Thrice a day,14 days
user174,Pass@4286,Mary Carpenter,1985-02-21,Asthma,Metformin,100/60,86,98.6,99,Know matter step mean.,False,Low,1 tablets,Twice a day,4 days
user175,Pass@2087,Alexis Mueller,1955-03-21,Asthma,Azithromycin,126/60,73,100.8,94,Reduce how raise happen short.,True,High,2 tablets,Once a day,5 days
user176,Pass@8821,John Smith,2005-07-26,Migraine,Azithromycin,127/74,64,101.8,91,High left quite stand.,False,Low,1 tablets,Twice a day,7 days
user177,Pass@7675,Mia Robertson,1988-03-16,Migraine,Amlodipine,95/88,73,101.7,92,All reveal performance lay early act anyone.,True,Medium,1 tablets,Twice a day,9 days
user178,Pass@8058,Robert Owens,1989-04-26,Hypertension,Amlodipine,131/80,86,100.8,95,Minute local energy scientist.,True,Low,2 tablets,Twice a day,6 days
user179,Pass@1613,Laura Mcdaniel,1988-04-11,Flu,Paracetamol,131/84,73,99.9,97,Loss off office everyone good.,False,Medium,1 tablets,Thrice a day,13 days
user180,Pass@3552,Douglas Marshall,1992-09-01,Hypertension,Azithromycin,95/90,80,100.6,97,Throw bar agent herself gun.,True,Medium,1 tablets,Thrice a day,9 days
user181,Pass@7156,Scott Scott,1986-11-08,Flu,Azithromycin,98/70,80,99.6,91,Education cold foreign senior money fine seven.,True,Medium,1 tablets,Twice a day,10 days
user182,Pass@3322,Sarah Rodriguez,1987-11-12,Diabetes,Metformin,96/83,78,101.1,95,Where church within why.,True,Low,1 tablets,Twice a day,4 days
user183,Pass@3552,Sarah Kelley,2000-06-09,Flu,Azithromycin,132/61,75,100.9,98,What when TV wear idea.,False,High,2 tablets,Thrice a day,3 days
user184,Pass@5705,Charles Garcia,1948-09-18,Migraine,Azithromycin,128/83,83,100.8,91,Operation involve discover big area within.,False,Medium,1 tablets,Thrice a day,14 days
user185,Pass@5853,Barbara Bryan,1960-07-10,Migraine,Paracetamol,95/86,73,97.4,94,Change list region challenge phone.,False,High,2 tablets,Twice a day,14 days
user186,Pass@2996,Jonathon Mitchell,1951-11-11,Hypertension,Metformin,115/70,61,100.5,98,Bad deal simply exist add ground.,True,High,1 tablets,Once a day,8 days
user187,Pass@4280,Abigail Carlson,1949-08-12,Asthma,Azithromycin,135/64,65,101.9,96,Movie population behind no.,False,Low,2 tablets,Twice a day,6 days
user188,Pass@7155,Dr. Robert West,1989-10-25,Flu,Azithromycin,99/69,92,100.6,93,Fight put try table decision grow.,True,High,2 tablets,Thrice a day,8 days
user189,Pass@4724,Julie Perez,1984-04-19,Migraine,Azithromycin,114/64,64,101.9,90,Stay explain nearly remember cut.,False,Low,2 tablets,Once a day,10 days
user190,Pass@4515,Alec Carroll,1993-06-03,Diabetes,Paracetamol,111/88,67,98.4,94,Inside daughter care security.,True,Medium,2 tablets,Thrice a day,3 days
user191,Pass@1321,Russell Bond,1989-12-19,Migraine,Metformin,97/69,69,99.4,97,Party have enter our what choice mouth.,True,Low,1 tablets,Once a day,7 days
user192,Pass@5586,Justin Dalton,2001-09-08,Covid-19,Azithromycin,105/60,66,97.3,94,Mind build describe soldier if.,False,Low,1 tablets,Thrice a day,4 days
user193,Pass@5287,Bianca Gentry,1980-11-10,Asthma,Azithromycin,116/63,89,97.4,93,Student especially guess general study everybody make.,False,High,2 tablets,Thrice a day,9 days
user194,Pass@2105,Alan Marks,1978-06-10,Asthma,Ibuprofen,99/60,72,97.9,90,International card town career visit what job.,False,Medium,1 tablets,Twice a day,4 days
user195,Pass@1914,John Hensley,1963-04-24,Covid-19,Ibuprofen,137/81,85,97.9,92,Apply listen later financial remember energy.,False,Medium,1 tablets,Thrice a day,11 days
user196,Pass@3914,Deborah Castillo,2004-12-23,Asthma,Azithromycin,96/78,91,98.8,94,Make budget glass how wall.,True,Medium,2 tablets,Twice a day,6 days
user197,Pass@7074,Barbara Jones,1982-11-11,Migraine,Paracetamol,136/73,66,98.7,91,Stop add anyone grow within bed.,False,Low,1 tablets,Twice a day,12 days
user198,Pass@3704,Andrew Young,1978-01-06,Covid-19,Amlodipine,126/80,87,101.0,99,White recent food safe.,True,Medium,2 tablets,Once a day,6 days
user199,Pass@4878,David Mcdowell,1953-11-08,Asthma,Ibuprofen,136/79,86,99.9,98,Town wait sure through trouble kid.,False,High,1 tablets,Thrice a day,5 days
user200,Pass@1330,Jamie Willis,1987-10-20,Flu,Ibuprofen,96/64,70,101.6,94,Serve fill glass learn source manager.,True,Low,2 tablets,Once a day,14 days
user201,Pass@1490,Savannah Garcia MD,1976-07-23,Diabetes,Amlodipine,98/77,98,100.0,93,Society speech a involve issue parent major area.,True,Medium,1 tablets,Once a day,5 days
user202,Pass@9131,Robert Donovan,1970-02-05,Migraine,Ibuprofen,125/84,84,100.2,91,Camera she establish budget feeling.,True,Medium,1 tablets,Once a day,5 days
user203,Pass@6748,Jennifer Page,2002-06-23,Covid-19,Metformin,109/70,90,101.6,98,I amount not recognize both season.,False,Low,2 tablets,Twice a day,13 days
user204,Pass@2509,Patricia Bryant,1986-08-22,Covid-19,Metformin,138/75,64,99.8,97,Local environment something know out move and.,True,Low,2 tablets,Twice a day,5 days
user205,Pass@2278,Luis Steele,1962-01-19,Covid-19,Ibuprofen,97/78,88,99.0,99,Until watch should.,True,Medium,2 tablets,Twice a day,3 days
user206,Pass@6974,Sean Robinson,2008-01-01,Migraine,Paracetamol,131/62,97,97.7,90,Heart plant others friend beautiful.,False,Medium,2 tablets,Thrice a day,11 days
user207,Pass@4289,Terri Duran,1979-05-06,Flu,Amlodipine,96/79,79,101.8,97,Have recent home claim arrive.,False,Medium,1 tablets,Thrice a day,5 days
user208,Pass@1543,Debra Mcclain,2001-06-28,Flu,Amlodipine,101/62,80,98.7,97,Hand agent many become American relationship local rest.,False,Low,2 tablets,Thrice a day,10 days
user209,Pass@8097,Mr. William Meyer MD,2000-01-28,Asthma,Metformin,115/77,72,97.4,100,Reflect painting who herself morning.,True,High,1 tablets,Once a day,6 days
user210,Pass@1275,Patricia Brown,1975-11-13,Asthma,Metformin,111/71,62,101.2,99,Key decide go production brother great station.,True,Low,2 tablets,Twice a day,14 days
user211,Pass@4097,Daniel Lambert,1967-10-09,Covid-19,Azithromycin,111/65,97,98.1,100,Community customer skin including her.,False,Low,2 tablets,Once a day,5 days
user212,Pass@4832,Stuart Jackson,1959-01-21,Asthma,Azithromycin,97/81,61,100.1,97,Learn toward clearly more director.,True,Low,2 tablets,Twice a day,8 days
user213,Pass@6699,Shannon Church,1960-08-16,Hypertension,Amlodipine,109/64,74,97.3,91,Kitchen south happy doctor spend class miss.,False,Low,1 tablets,Thrice a day,7 days
user214,Pass@4486,Whitney Stephens,1948-03-09,Flu,Metformin,100/88,89,99.1,100,Measure practice debate or data.,False,High,2 tablets,Once a day,10 days
user215,Pass@8302,Joseph Lawrence,1978-05-29,Migraine,Paracetamol,103/72,98,99.3,90,Hit somebody full require.,False,Low,2 tablets,Twice a day,11 days
user216,Pass@8740,Anthony Taylor,1972-05-12,Migraine,Ibuprofen,100/87,99,100.7,96,Thank four eat age floor man environmental.,True,Low,1 tablets,Once a day,3 days
user217,Pass@5377,Jacqueline Nguyen,1947-03-15,Flu,Ibuprofen,115/63,66,99.4,97,Firm present beat election push.,False,Low,1 tablets,Twice a day,14 days
user218,Pass@8076,Jeanette Reeves,1958-08-05,Flu,Metformin,120/73,95,100.2,91,Suffer successful doctor my TV pressure religious.,True,Low,2 tablets,Thrice a day,9 days
user219,Pass@3055,Alyssa Shah,1965-08-01,Covid-19,Paracetamol,110/89,69,101.3,91,Lead service authority alone size.,False,High,1 tablets,Twice a day,14 days
user220,Pass@9959,Jill Cooper,1991-07-20,Migraine,Paracetamol,96/74,71,101.7,90,Until foot similar decade from see.,True,High,2 tablets,Twice a day,14 days
user221,Pass@1114,Stephanie Morton,1997-03-12,Asthma,Ibuprofen,109/71,69,99.4,94,Ability its challenge agreement least but.,False,Medium,1 tablets,Thrice a day,13 days
user222,Pass@9755,Dawn Taylor,1953-06-11,Asthma,Ibuprofen,104/85,65,98.7,90,Too piece create help represent election under support.,False,Medium,2 tablets,Once a day,13 days
user223,Pass@7209,Elaine Davis,1990-06-10,Asthma,Azithromycin,127/64,97,100.2,98,Cut give international reason.,False,Medium,1 tablets,Once a day,4 days
user224,Pass@6153,Yolanda Byrd,1982-02-03,Diabetes,Amlodipine,112/75,90,97.9,93,Stuff soldier table type cell board rather.,False,Low,2 tablets,Thrice a day,14 days
user225,Pass@7046,Jay Moon,1956-03-04,Hypertension,Ibuprofen,112/72,67,102.0,91,Relate financial choose treatment quality town.,True,Low,1 tablets,Twice a day,10 days
user226,Pass@3075,Jennifer Brown,1982-12-07,Hypertension,Amlodipine,93/80,62,101.4,95,Item law shoulder response hear tell blue.,False,High,2 tablets,Twice a day,4 days
user227,Pass@8677,Jonathan Richard,1993-04-07,Asthma,Paracetamol,97/84,71,97.4,99,Safe glass available need.,True,High,1 tablets,Once a day,8 days
user228,Pass@4373,Robin Marshall,1965-07-06,Hypertension,Metformin,94/75,96,98.2,96,Really quickly around join.,True,Low,2 tablets,Once a day,12 days
user229,Pass@9376,Robert Villegas,1959-01-28,Diabetes,Azithromycin,116/85,100,99.3,91,Ok different actually many with indicate throughout.,True,Low,1 tablets,Thrice a day,10 days
user230,Pass@7724,Joshua Morrison,1956-04-08,Hypertension,Metformin,90/74,68,101.8,96,Finish director page magazine across.,True,Low,2 tablets,Twice a day,14 days
user231,Pass@2964,Jose Clarke,1949-06-25,Diabetes,Ibuprofen,116/88,100,97.3,93,World blue do resource.,False,Medium,1 tablets,Once a day,7 days
user232,Pass@5649,Joseph Mendez,1959-01-15,Covid-19,Paracetamol,124/69,70,101.9,97,Middle itself reflect through drug course soldier.,False,Low,1 tablets,Twice a day,7 days
user233,Pass@4748,Ronald Rivers,1970-07-04,Diabetes,Metformin,125/81,74,101.6,96,Always Mrs past standard Republican phone want thousand.,False,Low,2 tablets,Twice a day,10 days
user234,Pass@2330,Alexis Harris,1981-04-18,Asthma,Azithromycin,107/65,83,100.7,92,Ago beyond next Mrs Mr and.,False,Low,2 tablets,Twice a day,13 days
user235,Pass@4749,Beth Baker,1990-01-10,Migraine,Azithromycin,98/64,86,100.6,99,Green century number discover bar.,True,Medium,1 tablets,Twice a day,4 days
user236,Pass@8299,Karen Curry,1983-10-24,Flu,Paracetamol,139/81,69,100.0,96,Exist for smile rock especially that find will.,True,High,2 tablets,Thrice a day,3 days
user237,Pass@7724,Scott Snyder,1976-10-13,Diabetes,Amlodipine,97/65,78,101.3,94,Than exactly special less.,True,Medium,1 tablets,Twice a day,9 days
user238,Pass@7810,Daniel Jensen,1972-03-19,Covid-19,Ibuprofen,90/64,76,97.3,98,Alone blue decade turn choose fill painting.,True,High,2 tablets,Twice a day,5 days
user239,Pass@2318,Wanda Nelson DVM,2006-04-08,Diabetes,Amlodipine,137/81,87,99.4,96,Loss need design thought major power.,False,Medium,2 tablets,Once a day,13 days
user240,Pass@9582,Matthew Moss,2007-10-12,Hypertension,Amlodipine,113/64,77,97.3,90,Moment billion get pass vote administration.,False,Low,2 tablets,Twice a day,7 days
user241,Pass@7993,Melissa Griffin,1954-08-14,Flu,Ibuprofen,117/82,60,100.4,95,Official million evidence standard.,True,High,2 tablets,Twice a day,8 days
user242,Pass@3418,Dawn Pierce,2000-02-01,Migraine,Ibuprofen,95/78,91,101.7,95,At despite series task.,False,High,1 tablets,Thrice a day,13 days
user243,Pass@5750,Paula Robbins,1963-07-09,Migraine,Paracetamol,104/78,66,100.9,90,Thing pull billion value office.,True,Medium,1 tablets,Once a day,9 days
user244,Pass@4685,Thomas Massey,1976-05-26,Migraine,Paracetamol,140/65,79,99.2,92,Including positive Republican line really want.,True,Low,2 tablets,Once a day,14 days
user245,Pass@6175,Sandra Holden,1964-09-14,Diabetes,Paracetamol,105/74,68,102.0,90,Cost last performance.,False,Low,2 tablets,Twice a day,9 days
user246,Pass@2222,Dr. Russell Hamilton,1950-11-04,Flu,Amlodipine,90/77,97,97.1,100,Him themselves power medical scientist smile heart sound.,True,High,2 tablets,Once a day,6 days
user247,Pass@6985,Michael Gonzales,1973-09-05,Asthma,Azithromycin,139/90,92,98.1,96,Exist simple report approach rather.,True,Low,1 tablets,Twice a day,3 days
user248,Pass@7749,Charles Dodson,1992-07-11,Diabetes,Amlodipine,94/85,71,98.7,100,Discussion similar sing home brother whose at man.,True,Low,2 tablets,Thrice a day,5 days
user249,Pass@7054,Courtney Matthews,1977-03-29,Covid-19,Azithromycin,97/85,70,99.5,93,Wife could PM affect section from toward look.,False,Medium,1 tablets,Twice a day,9 days
user250,Pass@7491,Kimberly Blackburn,1946-09-10,Hypertension,Ibuprofen,125/70,63,100.3,99,Debate must win official lawyer.,True,High,1 tablets,Thrice a day,8 days
user251,Pass@2051,Vanessa Brown,1999-10-18,Covid-19,Azithromycin,118/63,66,98.5,100,Listen window or author.,False,Medium,2 tablets,Twice a day,7 days
user252,Pass@6238,Donna Howell,1967-03-25,Diabetes,Azithromycin,123/64,71,101.7,97,Account see follow list.,False,Low,2 tablets,Twice a day,5 days
user253,Pass@9497,David Harrington,1962-12-16,Diabetes,Azithromycin,138/65,73,99.9,96,Value hold fire cover dark.,False,High,1 tablets,Thrice a day,13 days
user254,Pass@8077,Valerie Wheeler,1977-07-12,Migraine,Paracetamol,97/61,78,99.7,99,Under section news source wind share head.,True,Low,1 tablets,Thrice a day,9 days
user255,Pass@9379,Jose Mcdonald,1950-02-11,Flu,Amlodipine,128/66,77,100.6,96,Present company central.,True,Low,2 tablets,Twice a day,3 days
user256,Pass@9599,Marilyn Goodwin,1998-08-16,Covid-19,Amlodipine,104/86,81,99.4,94,Process report site collection whose believe evidence machine.,True,High,2 tablets,Once a day,7 days
user257,Pass@4057,Hunter Pham,1985-07-31,Asthma,Metformin,130/90,92,98.7,92,Strong nothing state everybody clear shake.,False,Low,1 tablets,Once a day,13 days
user258,Pass@9067,Paul Rodriguez,1996-06-24,Migraine,Azithromycin,108/70,99,99.7,94,Wife news officer nor garden current available over.,True,High,1 tablets,Once a day,5 days
user259,Pass@3494,Travis Stewart,1965-12-13,Asthma,Amlodipine,113/63,65,99.8,91,Soldier institution serve car series mind technology provide.,False,High,2 tablets,Once a day,10 days
user260,Pass@8923,Leslie Young,1983-10-16,Diabetes,Azithromycin,138/73,66,99.5,92,Window western medical case media.,False,High,2 tablets,Thrice a day,13 days
user261,Pass@7643,Alexander Williams,1945-05-04,Hypertension,Ibuprofen,132/72,69,98.6,95,Difficult seven language certainly success half method.,False,Medium,1 tablets,Once a day,3 days
user262,Pass@8750,Daniel Brown,1946-11-11,Migraine,Azithromycin,124/79,76,99.0,95,Conference from still their study plant.,True,Medium,1 tablets,Twice a day,7 days
user263,Pass@4140,Joshua Bates,1993-12-11,Flu,Metformin,90/64,81,98.2,98,Blue though control stuff until.,False,Low,2 tablets,Thrice a day,10 days
user264,Pass@6904,Jeffrey Terry,1958-10-23,Hypertension,Metformin,116/71,66,97.8,94,Ever fact book exactly try lead several.,False,Low,1 tablets,Twice a day,13 days
user265,Pass@4811,Michael Walker,1972-02-22,Flu,Metformin,115/67,94,97.9,92,Stuff again possible newspaper now somebody college.,False,High,2 tablets,Once a day,6 days
user266,Pass@7953,Joy Bryan,1983-12-18,Flu,Metformin,96/62,99,97.1,96,Station just field.,True,Medium,2 tablets,Once a day,6 days
user267,Pass@6961,Kelly Gentry,1986-01-23,Migraine,Amlodipine,122/78,68,101.0,94,Certain national us project.,True,Medium,1 tablets,Once a day,8 days
user268,Pass@2184,Arthur Wolfe,1949-04-25,Migraine,Paracetamol,132/73,69,97.2,93,Sometimes notice room fine.,True,Medium,1 tablets,Twice a day,10 days
user269,Pass@9530,Christopher Garcia,1985-10-23,Flu,Amlodipine,131/69,99,98.5,93,Charge forward throw.,False,Low,2 tablets,Twice a day,4 days
user270,Pass@8451,Kyle Fleming,1973-03-04,Flu,Ibuprofen,140/78,70,100.1,90,Finish sister gas fight place senior.,False,Low,1 tablets,Thrice a day,10 days
user271,Pass@7259,Joseph Dillon,1976-11-17,Covid-19,Paracetamol,96/81,81,98.2,95,Might want citizen itself leave.,True,High,1 tablets,Once a day,12 days
user272,Pass@7718,Nancy Norman,1996-05-15,Asthma,Azithromycin,102/71,69,100.9,100,Attack pull rate decide should side five.,False,Medium,1 tablets,Thrice a day,5 days
user273,Pass@9793,Kelly Carroll,2001-05-05,Covid-19,Metformin,123/76,88,99.0,99,Offer everyone run magazine.,False,Medium,1 tablets,Thrice a day,11 days
user274,Pass@8123,Willie Espinoza,1962-01-13,Covid-19,Azithromycin,105/89,97,97.9,90,Black room specific white.,True,Medium,1 tablets,Thrice a day,11 days
user275,Pass@2347,Henry Manning,1963-05-26,Diabetes,Ibuprofen,116/71,75,97.6,90,Political policy method again main ready indicate wear.,True,Low,1 tablets,Once a day,14 days
user276,Pass@1284,Thomas Farmer,1946-03-12,Migraine,Ibuprofen,113/88,80,101.6,92,Cover technology human thus staff field.,True,High,2 tablets,Once a day,8 days
user277,Pass@6796,Diana Stevens,1987-04-12,Asthma,Ibuprofen,121/89,86,101.1,92,Bill actually course cold not might property.,False,High,2 tablets,Once a day,13 days
user278,Pass@8413,George Nguyen,1972-12-16,Migraine,Azithromycin,117/78,62,101.3,98,A health trouble spend teacher.,False,High,1 tablets,Twice a day,10 days
user279,Pass@4696,Christopher Barnett,1954-08-06,Hypertension,Amlodipine,135/83,76,100.9,92,Describe because cover tonight.,False,Medium,1 tablets,Twice a day,5 days
user280,Pass@1019,Mr. Ryan Jackson,1954-05-07,Covid-19,Amlodipine,102/73,77,101.7,100,Black very fish person.,True,Low,2 tablets,Thrice a day,6 days
user281,Pass@9490,Amy West,2003-03-26,Flu,Azithromycin,117/69,76,102.0,92,Administration wind majority week offer laugh.,True,Medium,1 tablets,Once a day,12 days
user282,Pass@8130,Philip Russo,1986-04-29,Flu,Ibuprofen,107/85,96,98.9,93,Rest pay woman project another.,False,Low,1 tablets,Twice a day,7 days
user283,Pass@3095,Nancy Rodriguez,1973-07-01,Migraine,Metformin,92/82,95,99.4,94,One data plant name seven.,True,Medium,1 tablets,Once a day,7 days
user284,Pass@7095,Jerry Jones,1997-01-25,Asthma,Metformin,107/61,81,100.2,100,Population various night market arm.,True,Medium,2 tablets,Once a day,10 days
user285,Pass@2842,Madeline Hanson,1964-04-26,Migraine,Ibuprofen,125/88,92,100.6,90,Share or trade and tonight left his.,False,High,2 tablets,Twice a day,6 days
user286,Pass@8037,Barbara Page,1999-10-01,Migraine,Azithromycin,104/78,67,100.0,91,Fund concern often able behind conference bill.,False,Medium,1 tablets,Once a day,11 days
user287,Pass@7480,Matthew Santos,1999-06-18,Flu,Amlodipine,114/80,84,99.4,99,Suffer about wind loss able street specific.,False,Medium,1 tablets,Once a day,5 days
user288,Pass@5736,Justin Gordon,1946-08-19,Asthma,Metformin,93/74,83,100.4,95,Prevent once hear about performance fish.,False,High,1 tablets,Twice a day,7 days
user289,Pass@1713,Richard Wright,1955-10-05,Diabetes,Metformin,124/81,71,99.7,90,Man serious already perform job out myself.,False,Medium,1 tablets,Twice a day,5 days
user290,Pass@9771,Joann Moore,2002-11-03,Asthma,Amlodipine,105/68,85,102.0,93,Wonder act challenge fine guy.,False,Medium,2 tablets,Once a day,14 days
user291,Pass@6059,Nathaniel Martin,1990-08-01,Diabetes,Metformin,122/74,92,100.3,99,Popular even tough check vote lawyer common.,True,Low,1 tablets,Once a day,6 days
user292,Pass@5550,Wanda Haynes,1994-07-02,Asthma,Ibuprofen,134/66,75,97.9,91,Phone right door parent that.,True,High,1 tablets,Thrice a day,13 days
user293,Pass@7236,Heidi Mendoza,1993-12-27,Diabetes,Paracetamol,105/81,94,100.3,98,Son born house between its.,True,Medium,2 tablets,Once a day,8 days
user294,Pass@9465,Aaron Anderson,1945-05-16,Covid-19,Azithromycin,113/66,63,101.3,91,Seven cell institution herself blue.,False,Medium,1 tablets,Once a day,11 days
user295,Pass@4875,Mary Cooper,1958-06-26,Diabetes,Metformin,123/72,76,99.2,98,Artist learn thousand attack institution bring.,True,Low,1 tablets,Twice a day,5 days
user296,Pass@8640,Tanya Flowers,1966-07-22,Asthma,Amlodipine,98/75,80,101.3,94,Bill suddenly business age usually.,True,Low,1 tablets,Thrice a day,7 days
user297,Pass@4842,Amanda Turner,2003-12-23,Asthma,Paracetamol,127/74,99,101.4,98,Find black institution.,True,Medium,2 tablets,Twice a day,8 days
user298,Pass@4902,Adam Warner,1962-12-21,Flu,Amlodipine,104/80,87,99.9,90,Window change capital answer.,False,High,1 tablets,Once a day,4 days
user299,Pass@2531,James Parrish II,1961-02-26,Hypertension,Paracetamol,138/74,78,100.7,91,Bank bill material safe happy onto how.,True,Medium,2 tablets,Twice a day,9 days
user300,Pass@5696,Anna Perez,1969-02-12,Migraine,Amlodipine,122/68,72,98.1,97,Figure difference teach meeting firm.,False,Low,1 tablets,Twice a day,4 days
user301,Pass@9371,Lisa Pearson,1978-09-07,Migraine,Azithromycin,123/81,85,97.9,96,Magazine card western these.,True,Low,2 tablets,Twice a day,4 days
user302,Pass@3759,Anthony Pratt,1948-12-08,Covid-19,Ibuprofen,113/74,80,99.1,95,Evidence blood marriage easy morning forget.,True,Medium,1 tablets,Twice a day,7 days
user303,Pass@3897,Mr. Adrian Walsh,1981-07-02,Asthma,Paracetamol,133/75,61,100.0,93,Open foot deal tonight.,False,Low,1 tablets,Twice a day,14 days
user304,Pass@1143,Sarah Thomas,1983-05-09,Asthma,Ibuprofen,139/77,72,100.4,97,Oil wish remain career place five.,False,Medium,2 tablets,Once a day,4 days
user305,Pass@4703,Kenneth Wilson,2005-04-16,Migraine,Amlodipine,123/77,99,99.0,92,Dinner activity leave person seek produce drive change.,True,Medium,1 tablets,Twice a day,11 days
user306,Pass@2458,Dorothy Jones,1993-05-31,Migraine,Ibuprofen,98/69,87,101.8,90,Others know line economy brother though require well.,False,High,1 tablets,Twice a day,14 days
user307,Pass@2153,Nancy Lara,1994-01-30,Asthma,Paracetamol,120/74,72,97.9,95,Shoulder billion country.,True,High,2 tablets,Once a day,12 days
user308,Pass@3643,Christopher Morris,1976-02-03,Flu,Paracetamol,125/60,88,97.0,92,Up laugh thousand ok national want range.,False,Medium,2 tablets,Once a day,6 days
user309,Pass@9481,Mariah Bradley,1951-09-05,Migraine,Amlodipine,130/73,76,99.9,96,Choice stuff bit learn something natural.,True,High,2 tablets,Twice a day,3 days
user310,Pass@5457,Michelle Mathis,2003-02-27,Covid-19,Ibuprofen,92/66,79,100.3,90,Memory knowledge think owner.,False,Medium,1 tablets,Once a day,11 days
user311,Pass@7276,Jessica Spencer,1952-07-03,Migraine,Azithromycin,137/75,93,99.3,92,Amount style ahead store.,False,High,2 tablets,Thrice a day,13 days
user312,Pass@8148,Alexis Johnson,1952-05-15,Asthma,Amlodipine,108/66,64,97.1,92,Yeah beautiful enjoy face wall.,True,Medium,1 tablets,Thrice a day,4 days
user313,Pass@3719,Lori Barnes,1952-01-26,Flu,Amlodipine,100/63,63,99.5,90,They affect report dark account meeting edge team.,False,High,2 tablets,Thrice a day,6 days
user314,Pass@9840,Jack Warren,1984-06-30,Asthma,Amlodipine,138/75,72,100.3,100,Individual political quickly list write return.,True,Medium,2 tablets,Once a day,10 days
user315,Pass@6478,Jacqueline Holmes,1975-10-29,Migraine,Paracetamol,91/82,90,100.1,94,Financial spend use might want.,True,Low,2 tablets,Once a day,12 days
user316,Pass@1614,Roger Keller,1946-07-07,Migraine,Azithromycin,107/61,60,100.2,96,Sort evidence science south follow force country top.,False,High,1 tablets,Once a day,4 days
user317,Pass@1460,Robert Schmidt,1975-09-19,Diabetes,Metformin,109/74,79,99.0,90,Agent door else most wear yes administration.,True,Medium,1 tablets,Once a day,11 days
user318,Pass@3616,Denise Miller,2001-05-01,Diabetes,Metformin,90/72,82,99.5,90,Instead forward return position set student can.,False,Low,1 tablets,Once a day,6 days
user319,Pass@9976,Eric Lawson,1972-01-23,Migraine,Ibuprofen,130/69,68,101.6,98,Administration man reflect major matter somebody sister.,True,Medium,2 tablets,Thrice a day,9 days
user320,Pass@2579,Jason Lopez,1988-10-19,Asthma,Azithromycin,105/66,64,100.4,94,White summer attorney form seem star.,True,Medium,2 tablets,Once a day,10 days
user321,Pass@1412,Michelle Harvey MD,1955-01-08,Covid-19,Azithromycin,112/64,88,99.5,96,Door senior score TV analysis.,False,Low,2 tablets,Thrice a day,9 days
user322,Pass@3747,Donald Holt,1972-05-26,Hypertension,Amlodipine,116/64,79,98.8,98,Center organization class truth case.,True,High,1 tablets,Twice a day,10 days
user323,Pass@4828,Erica Beard,1964-12-03,Flu,Amlodipine,99/78,60,97.7,96,Manager language here lot wife college data miss.,True,High,1 tablets,Twice a day,12 days
user324,Pass@9725,Matthew King,1983-09-04,Covid-19,Azithromycin,121/61,95,99.5,94,Political him however southern.,False,Medium,2 tablets,Once a day,12 days
user325,Pass@8371,Danny Saunders,1970-01-21,Migraine,Ibuprofen,128/61,87,102.0,91,Exactly country manager here able.,False,Low,1 tablets,Twice a day,10 days
user326,Pass@6731,Jason Baker,1955-05-11,Diabetes,Amlodipine,111/85,71,97.5,94,Red whose far talk born goal reach price.,True,Low,1 tablets,Twice a day,6 days
user327,Pass@7722,Ashley Wood,1946-11-16,Diabetes,Paracetamol,123/66,71,101.4,99,Account good up three structure decide green owner.,True,Medium,2 tablets,Twice a day,12 days
user328,Pass@7299,Joseph Martin,1991-12-25,Covid-19,Azithromycin,104/81,78,102.0,100,Inside important again say.,True,High,2 tablets,Thrice a day,9 days
user329,Pass@7409,Christine Tucker,1977-09-29,Diabetes,Azithromycin,129/88,63,100.0,97,Hold something need past sit yet.,True,Low,2 tablets,Twice a day,3 days
user330,Pass@8157,Amber Freeman,1949-05-14,Hypertension,Azithromycin,114/75,95,99.6,90,Down now history agree dream.,False,Low,2 tablets,Thrice a day,9 days
user331,Pass@6316,Nicholas Long,1981-12-20,Flu,Paracetamol,137/65,67,97.7,95,Eight play your drop memory southern.,True,Low,1 tablets,Thrice a day,10 days
user332,Pass@8407,Alex Clark,1993-09-07,Diabetes,Ibuprofen,138/79,97,97.5,91,Mrs use practice administration can support.,True,High,2 tablets,Thrice a day,3 days
user333,Pass@9181,Miguel Edwards,1999-11-09,Flu,Metformin,94/81,92,102.0,93,Girl special piece follow.,False,Low,2 tablets,Thrice a day,7 days
user334,Pass@2140,Carlos Cisneros,2002-07-26,Diabetes,Ibuprofen,96/85,78,98.5,94,Yes leg which speech.,True,High,2 tablets,Twice a day,9 days
user335,Pass@8706,Amy Cortez,1951-09-14,Hypertension,Ibuprofen,96/76,71,98.8,93,Mother doctor fact leave before guess picture good.,False,Low,2 tablets,Twice a day,8 days
user336,Pass@5866,Jeffrey Murray,1979-09-12,Asthma,Amlodipine,107/83,62,99.1,91,Nor international thus nation bill study.,False,Low,2 tablets,Once a day,13 days
user337,Pass@7202,Robert Williams,1982-12-29,Asthma,Amlodipine,127/68,63,100.3,91,Its accept building difference.,False,Medium,2 tablets,Thrice a day,9 days
user338,Pass@9025,Amanda Davis,2001-03-31,Covid-19,Ibuprofen,129/75,63,98.0,94,Power serious entire officer poor range.,True,Medium,1 tablets,Twice a day,9 days
user339,Pass@7137,Angela Harper PhD,2000-01-05,Asthma,Metformin,109/66,98,99.2,98,Ability sister point modern.,False,High,1 tablets,Thrice a day,14 days
user340,Pass@3691,Todd James,1978-09-20,Flu,Ibuprofen,103/84,89,97.5,99,Ten have situation become present.,True,Low,2 tablets,Thrice a day,13 days
user341,Pass@7721,Christina Hicks,1972-04-12,Asthma,Ibuprofen,94/68,70,100.1,92,Prove want prevent heavy person although from.,False,High,2 tablets,Once a day,6 days
user342,Pass@3016,Brian Carpenter,1979-04-20,Flu,Paracetamol,125/82,64,101.8,94,Article wish concern dark.,True,High,2 tablets,Once a day,14 days
user343,Pass@3873,William Whitehead,1979-09-21,Migraine,Amlodipine,118/82,73,98.0,94,Build clear performance laugh write.,True,Medium,1 tablets,Twice a day,5 days
user344,Pass@7754,Jose Mckinney,1953-07-28,Covid-19,Paracetamol,134/75,78,99.6,90,Message mission same night wife treat camera.,False,Low,2 tablets,Twice a day,12 days
user345,Pass@5874,Krista Baldwin,1953-01-26,Migraine,Metformin,124/73,66,98.2,93,Environment night summer go home.,True,Medium,2 tablets,Once a day,13 days
user346,Pass@5725,Kelly Perkins,1957-06-02,Covid-19,Azithromycin,115/60,83,97.6,97,Often purpose reach mouth road set.,False,Low,2 tablets,Once a day,8 days
user347,Pass@4314,Daniel Hamilton,1968-11-24,Hypertension,Azithromycin,98/87,74,100.8,98,This strong nor morning better.,False,Medium,2 tablets,Thrice a day,10 days
user348,Pass@9503,Jenny Escobar,2003-08-19,Covid-19,Amlodipine,137/69,69,100.3,92,Perform both notice others would skill pass.,False,Low,2 tablets,Once a day,10 days
user349,Pass@9458,Karen Jones,1959-06-05,Hypertension,Azithromycin,123/84,79,97.1,96,Suddenly decide better four of him central drive.,True,Medium,2 tablets,Twice a day,8 days
user350,Pass@4172,Samantha Swanson,1998-11-02,Migraine,Paracetamol,104/74,81,101.0,94,Find require table anything.,False,High,1 tablets,Twice a day,7 days
user351,Pass@4405,Andrew Mills,1986-09-12,Hypertension,Metformin,112/62,87,99.9,92,Include see education main home.,True,Medium,2 tablets,Once a day,13 days
user352,Pass@2184,Jessica Williamson,1981-05-28,Flu,Ibuprofen,118/66,99,101.6,98,About arrive picture two among without church thus.,False,Medium,2 tablets,Once a day,8 days
user353,Pass@6942,Elizabeth Brennan,1961-08-27,Asthma,Azithromycin,134/76,93,97.2,92,General west scene fall might team force.,True,High,2 tablets,Thrice a day,6 days
user354,Pass@8587,Jordan Clark,1958-10-19,Flu,Ibuprofen,100/78,79,97.4,99,Term deep cup hair.,True,High,1 tablets,Thrice a day,3 days
user355,Pass@4337,Kimberly Cervantes,1974-05-28,Asthma,Paracetamol,109/71,64,98.1,93,Back east thank bad government them.,True,Medium,1 tablets,Twice a day,13 days
user356,Pass@7816,Kristin Carter DDS,1971-12-22,Migraine,Ibuprofen,92/69,92,99.9,99,Nice instead unit happen mouth laugh growth.,True,Low,2 tablets,Thrice a day,8 days
user357,Pass@6538,Brian Oconnor,2003-10-23,Diabetes,Ibuprofen,116/80,66,100.8,100,Break attorney high country effect six create.,True,Medium,2 tablets,Thrice a day,7 days
user358,Pass@5419,Richard Haley,1985-05-17,Covid-19,Amlodipine,105/79,99,100.1,95,Early produce media recently key challenge.,False,Low,1 tablets,Twice a day,13 days
user359,Pass@1210,Natalie Hall,1965-09-14,Covid-19,Metformin,108/74,74,99.2,100,Fill shake choice huge.,False,Low,1 tablets,Thrice a day,8 days
user360,Pass@3366,Stacey Melton,1992-03-15,Diabetes,Azithromycin,125/73,82,99.6,94,Class stage party bar upon decade table.,False,High,2 tablets,Once a day,14 days
user361,Pass@3334,Brandon Parker,2003-06-19,Flu,Metformin,103/69,99,100.3,94,Beyond probably choice throughout tough environmental house.,True,High,2 tablets,Twice a day,14 days
user362,Pass@4521,Susan Russell,1961-08-15,Covid-19,Ibuprofen,138/84,97,97.8,96,See state scientist generation usually reach represent.,True,Medium,1 tablets,Once a day,5 days
user363,Pass@9214,Barbara Simpson,2001-12-14,Hypertension,Paracetamol,114/72,77,98.8,90,Radio ten against beat set ok off person.,True,Low,1 tablets,Thrice a day,14 days
user364,Pass@3380,Trevor Winters,1949-11-22,Covid-19,Metformin,90/66,84,101.6,92,How single remember necessary better artist around.,False,Medium,1 tablets,Twice a day,5 days
user365,Pass@9115,Catherine Moran,1987-02-24,Covid-19,Metformin,132/89,77,101.7,92,Later majority support bag model take area.,False,Low,2 tablets,Once a day,6 days
user366,Pass@8893,Jessica Stone,1951-07-30,Asthma,Amlodipine,126/74,88,99.9,99,Picture traditional yeah foot project.,True,High,2 tablets,Thrice a day,8 days
user367,Pass@5963,Terry Shaw,1972-06-13,Flu,Amlodipine,93/86,95,98.3,99,North hot hand movie conference boy our.,False,Medium,1 tablets,Twice a day,6 days
user368,Pass@7918,Mr. Michael Compton II,1955-10-31,Migraine,Paracetamol,99/65,98,97.2,94,Guess reflect boy member east management knowledge imagine.,False,Medium,2 tablets,Twice a day,6 days
user369,Pass@9113,Andrea Solis MD,1960-12-08,Asthma,Paracetamol,139/68,95,101.0,93,Woman hotel near look start two buy bed.,False,High,2 tablets,Twice a day,3 days
user370,Pass@9887,Amy Carlson,1953-01-04,Diabetes,Paracetamol,139/78,99,99.0,95,Could yet television ten box probably tough trouble.,False,High,1 tablets,Once a day,4 days
user371,Pass@6450,Benjamin Burke,2004-04-11,Diabetes,Paracetamol,106/86,73,101.8,92,Moment trouble edge institution laugh.,False,Medium,2 tablets,Thrice a day,9 days
user372,Pass@1859,Nicholas Andrews,2005-03-25,Covid-19,Azithromycin,129/66,78,100.4,96,Toward blood term every industry choose.,False,Medium,1 tablets,Twice a day,6 days
user373,Pass@3073,Sandra Welch,1989-05-02,Covid-19,Paracetamol,135/64,98,98.3,97,Lawyer hair probably.,False,High,2 tablets,Twice a day,12 days
user374,Pass@8178,Joshua Cowan,1971-01-09,Diabetes,Ibuprofen,132/79,77,98.7,90,Special three stand able together reach would of.,True,Low,1 tablets,Twice a day,14 days
user375,Pass@1431,Jason Jones,1980-01-08,Asthma,Azithromycin,123/60,80,100.4,96,Role ask notice child strong.,True,High,2 tablets,Once a day,13 days
user376,Pass@1213,Jennifer Hubbard,1953-07-19,Diabetes,Paracetamol,114/82,88,98.1,93,Senior discussion article most program.,False,High,2 tablets,Thrice a day,10 days
user377,Pass@7333,Jessica Jones MD,1994-06-16,Hypertension,Azithromycin,121/68,92,101.3,96,Heavy remain stuff successful.,False,High,2 tablets,Thrice a day,9 days
user378,Pass@4109,Scott Delgado,1958-04-10,Asthma,Paracetamol,97/87,93,99.6,99,Language plant deal sure school but table.,False,High,1 tablets,Thrice a day,13 days
user379,Pass@2227,Justin Melton,1991-06-02,Asthma,Azithromycin,131/73,88,99.7,98,Late far nor leg painting factor.,True,Low,1 tablets,Twice a day,7 days
user380,Pass@1725,Michael Williams,1958-04-25,Flu,Ibuprofen,134/63,83,98.2,93,List involve buy pay nearly remain.,True,Low,2 tablets,Twice a day,4 days
user381,Pass@7375,James Giles,1978-06-16,Covid-19,Metformin,111/60,97,99.7,93,Conference end century.,True,Low,2 tablets,Twice a day,10 days
user382,Pass@8715,Jessica Simpson,1962-05-16,Diabetes,Metformin,139/89,65,99.0,98,Offer last treatment side.,True,Medium,2 tablets,Thrice a day,12 days
user383,Pass@4262,Sara Bennett,1968-02-06,Covid-19,Metformin,129/63,98,101.8,92,Teach contain entire since fear dark treatment happy.,True,Medium,2 tablets,Twice a day,10 days
user384,Pass@6330,Nathan Collins,1993-07-10,Hypertension,Amlodipine,121/83,75,99.1,94,Year bar phone stuff special.,False,High,1 tablets,Twice a day,7 days
user385,Pass@5724,William Wright,1949-07-08,Asthma,Ibuprofen,121/62,73,99.2,91,Information design hot wall.,False,High,1 tablets,Once a day,9 days
user386,Pass@3276,Sarah Stevens,1983-08-15,Diabetes,Paracetamol,136/61,99,99.3,98,Brother oil test bed although.,False,Medium,2 tablets,Thrice a day,6 days
user387,Pass@9042,Nicole White,1956-05-04,Hypertension,Amlodipine,123/76,99,100.7,95,Congress man practice number today.,False,High,1 tablets,Once a day,13 days
user388,Pass@2536,Kristy Dominguez,2001-04-09,Diabetes,Metformin,107/73,81,99.3,94,Without it bring action vote half accept.,False,High,1 tablets,Once a day,6 days
user389,Pass@2403,Jennifer Richardson,1958-12-29,Diabetes,Amlodipine,131/85,66,101.2,99,Top pass pretty make whom season.,False,Low,1 tablets,Thrice a day,12 days
user390,Pass@4881,Cody Young,1997-11-14,Covid-19,Paracetamol,95/77,80,98.4,94,Final include buy wonder guess social.,True,High,2 tablets,Once a day,13 days
user391,Pass@1542,Ashley Medina,1959-12-21,Diabetes,Azithromycin,95/71,75,97.9,90,Industry beat they voice practice choice include population.,True,High,2 tablets,Once a day,3 days
user392,Pass@3968,Daniel Smith,1963-04-08,Covid-19,Azithromycin,136/70,62,101.8,96,Hotel tree service concern.,False,Low,2 tablets,Once a day,10 days
user393,Pass@2020,Daniel Jones,1949-05-07,Diabetes,Ibuprofen,110/69,65,101.9,93,Pm teach color everybody.,False,Medium,2 tablets,Twice a day,13 days
user394,Pass@8856,Aaron Green,1978-05-04,Flu,Metformin,119/73,87,100.8,91,Able during professional nor clear fish simply.,False,High,1 tablets,Twice a day,12 days
user395,Pass@8327,David Lewis,2004-08-18,Flu,Paracetamol,119/87,65,99.1,95,Continue stage traditional one.,False,High,2 tablets,Twice a day,9 days
user396,Pass@5417,Christopher Chambers,1996-11-19,Flu,Paracetamol,131/82,75,101.5,94,I institution six new newspaper while pattern institution.,True,Medium,2 tablets,Twice a day,14 days
user397,Pass@4659,Thomas Miller IV,1959-09-17,Flu,Amlodipine,106/70,98,98.9,92,Wait smile understand whether a sure.,True,Low,1 tablets,Thrice a day,9 days
user398,Pass@8977,Charles Wagner,1982-07-19,Flu,Ibuprofen,136/80,91,99.2,92,Truth particularly fall ground indicate.,True,Medium,1 tablets,Twice a day,11 days
user399,Pass@9291,Kayla Torres,1947-05-26,Flu,Amlodipine,91/61,63,100.7,97,Among suffer night well.,True,High,1 tablets,Twice a day,5 days
user400,Pass@8194,Andrew Ward,1977-06-18,Flu,Azithromycin,100/81,76,100.6,100,Difficult different worry clear left difficult.,True,High,2 tablets,Thrice a day,10 days
