Username,Password,Email,Name,DOB,VisitDate,ReasonForVisit,DoctorName,DiagnosisName,MedicineName,BP,HeartRate,Temp,SpO2,Notes,IsChronic,Severity,Dosage,Frequency,Duration
user1,Pass@7056,bobbybartlett@example.com,Rita Perkins,1988-03-01,2025-06-14,Chest Pain,Dr. Kumar,Migraine,Amlodipine,105/86,94,99.8,98,Region I yet tend service surface government.,True,Medium,2 tablets,Once a day,8 days
user2,Pass@6378,david41@example.com,Kyle Gallagher,1955-02-28,2025-11-15,Chest Pain,Dr. Patel,Asthma,Azithromycin,122/88,91,98.8,90,Hold north general push interesting against environmental.,False,Low,2 tablets,Once a day,8 days
user3,Pass@7513,kenneth50@example.com,Christina Wilson,1959-04-29,2025-06-14,Routine Checkup,Dr. Patel,Asthma,Metformin,130/72,81,101.5,99,Girl art writer fall.,False,Medium,2 tablets,Thrice a day,10 days
user4,Pass@9743,klewis@example.org,Sara Montoya,1969-11-15,2025-04-15,Headache,Dr. Reddy,Covid-19,Amlodipine,127/63,76,100.4,92,Lose piece than will speech its manage.,True,Medium,1 tablets,Twice a day,14 days
user5,Pass@1436,lucaslopez@example.net,Walter Green,1980-06-05,2025-06-22,Fever,Dr. Patel,Asthma,Azithromycin,134/88,86,98.2,98,Car start without.,False,Low,2 tablets,Thrice a day,10 days
user6,Pass@6903,dparker@example.org,Lauren Andrade,1973-04-04,2025-08-20,Cough,Dr. Patel,Diabetes,Ibuprofen,96/66,92,99.8,96,Specific himself knowledge guess.,True,High,1 tablets,Twice a day,10 days
user7,Pass@6495,jon14@example.net,Justin Jones,1974-10-14,2026-01-11,Follow-up,Dr. Sharma,Covid-19,Metformin,107/89,81,101.0,93,Seem line charge figure.,True,High,2 tablets,Thrice a day,11 days
user8,Pass@6520,gsanders@example.net,John Page,1968-02-07,2026-01-18,Routine Checkup,Dr. Mehta,Hypertension,Ibuprofen,138/82,60,100.1,99,Avoid carry like I look study.,False,Medium,2 tablets,Once a day,12 days
user9,Pass@2756,geraldclark@example.org,Kristen Reyes,1950-04-23,2025-09-16,Follow-up,Dr. Mehta,Migraine,Metformin,108/82,70,102.0,96,Picture race time level top add military.,True,High,2 tablets,Once a day,5 days
user10,Pass@9225,marshallangela@example.net,Henry Manning,2001-07-11,2025-06-27,Cough,Dr. Patel,Flu,Paracetamol,118/77,65,101.0,90,Us anyone way meeting thought.,False,Medium,2 tablets,Once a day,12 days
user11,Pass@6415,pcampbell@example.com,Angela Newman,1960-06-03,2025-09-20,Fever,Dr. Patel,Diabetes,Metformin,119/69,65,98.9,100,Avoid look enter sound.,True,High,2 tablets,Twice a day,3 days
user12,Pass@5844,michael84@example.org,Jimmy Thompson,1981-04-22,2025-09-21,Cough,Dr. Kumar,Covid-19,Amlodipine,137/86,90,101.4,96,Discussion worker strong idea.,False,Medium,2 tablets,Twice a day,5 days
user13,Pass@2226,kristina01@example.com,David Hughes,1964-05-12,2025-06-11,Fever,Dr. Kumar,Hypertension,Azithromycin,95/79,83,100.2,91,Join spring responsibility without hotel.,True,Low,1 tablets,Thrice a day,11 days
user14,Pass@7684,mitchelljessica@example.com,Jorge Strickland,1999-08-22,2025-11-12,Headache,Dr. Reddy,Flu,Amlodipine,95/89,92,97.6,93,Born senior wall weight.,False,Medium,2 tablets,Thrice a day,14 days
user15,Pass@9775,madisonhenry@example.net,Travis Long,1993-09-03,2025-05-09,Routine Checkup,Dr. Mehta,Diabetes,Azithromycin,114/67,84,99.1,100,Suggest itself new time the.,True,High,1 tablets,Once a day,3 days
user16,Pass@1963,aaronjones@example.com,Katherine Smith,1986-07-27,2025-08-11,Fever,Dr. Sharma,Flu,Metformin,113/66,99,97.0,94,Real improve what charge wide fact husband.,False,High,1 tablets,Twice a day,14 days
user17,Pass@9734,tricia88@example.org,John Kemp,2004-12-30,2025-10-10,Chest Pain,Dr. Mehta,Covid-19,Metformin,131/73,69,99.4,98,Worker tonight picture power address.,True,Medium,1 tablets,Thrice a day,7 days
user18,Pass@2953,gonzalezjennifer@example.net,Johnathan Willis,1991-10-23,2026-01-20,Headache,Dr. Patel,Covid-19,Paracetamol,117/85,76,101.8,93,Remain themselves season reach president.,False,Low,2 tablets,Thrice a day,13 days
user19,Pass@5320,ibarrakayla@example.org,Gordon Nelson,1981-12-07,2025-09-19,Chest Pain,Dr. Reddy,Hypertension,Paracetamol,104/84,63,101.1,90,Minute term television would past good science.,True,Low,2 tablets,Once a day,3 days
user20,Pass@9838,julie21@example.net,Robert Cox,1957-08-09,2025-11-22,Fever,Dr. Kumar,Diabetes,Amlodipine,99/69,75,101.9,94,Thank mean author size case environmental.,True,Low,1 tablets,Twice a day,9 days
user21,Pass@9145,katie28@example.com,Keith Mcintosh,2005-07-31,2026-01-07,Headache,Dr. Kumar,Asthma,Amlodipine,127/79,100,101.3,92,Summer teach senior win choice may.,True,High,1 tablets,Twice a day,14 days
user22,Pass@1062,matthewwood@example.org,Patrick Brown,1989-07-27,2025-06-26,Follow-up,Dr. Reddy,Flu,Amlodipine,111/90,93,98.1,97,Important source outside manager affect like.,True,Low,2 tablets,Twice a day,13 days
user23,Pass@6140,jacksonamy@example.com,Elizabeth Anthony,1956-02-08,2026-03-28,Fever,Dr. Patel,Flu,Paracetamol,113/65,60,98.7,98,Market despite son hold church.,True,Low,1 tablets,Thrice a day,6 days
user24,Pass@3538,williamcooley@example.com,Jessica Jacobs,1959-05-18,2025-12-06,Follow-up,Dr. Sharma,Migraine,Amlodipine,111/90,73,97.6,95,Since author care father walk wear structure.,True,High,2 tablets,Once a day,13 days
user25,Pass@6995,kimberlyvasquez@example.net,James Rowland,1974-04-07,2026-01-13,Follow-up,Dr. Reddy,Flu,Azithromycin,93/68,73,99.6,95,Quite art specific positive bit others.,False,High,2 tablets,Twice a day,6 days
user26,Pass@5408,thomasperez@example.com,Jeffery Martin,1955-10-07,2025-09-21,Routine Checkup,Dr. Kumar,Migraine,Metformin,96/71,61,99.1,95,Around approach oil other by.,False,High,2 tablets,Once a day,8 days
user27,Pass@4917,davidgriffith@example.com,Michael Nelson,1998-09-10,2025-09-04,Follow-up,Dr. Reddy,Diabetes,Paracetamol,111/82,84,98.5,94,Program economy health.,False,High,2 tablets,Thrice a day,11 days
user28,Pass@8299,jessicabarker@example.org,Cindy King,1994-02-15,2025-05-01,Follow-up,Dr. Mehta,Covid-19,Paracetamol,139/69,88,99.0,98,Morning daughter design quickly where international Republican.,True,Medium,2 tablets,Twice a day,4 days
user29,Pass@4047,longrebecca@example.org,Randall Meyer,1949-04-23,2025-05-07,Routine Checkup,Dr. Kumar,Hypertension,Ibuprofen,108/61,78,97.4,94,Well sea today various we.,False,Low,1 tablets,Once a day,14 days
user30,Pass@9357,smithdavid@example.com,Eric Mitchell,1996-05-23,2025-08-15,Cough,Dr. Mehta,Asthma,Paracetamol,140/75,98,98.6,90,Car ready own these newspaper relationship lose.,True,High,1 tablets,Twice a day,8 days
user31,Pass@3050,carterkyle@example.net,Holly Guzman,1976-09-17,2025-04-23,Routine Checkup,Dr. Kumar,Asthma,Ibuprofen,97/73,77,100.5,91,Example arm anyone feel soon laugh activity.,False,High,1 tablets,Twice a day,11 days
user32,Pass@9530,anna88@example.org,Wayne Vargas,1987-01-31,2025-04-28,Fever,Dr. Sharma,Flu,Paracetamol,99/89,71,99.2,98,Serious ask their most face goal.,False,High,1 tablets,Once a day,7 days
user33,Pass@3685,leonardkelly@example.com,Carly Coleman,1951-08-23,2025-07-16,Headache,Dr. Patel,Hypertension,Paracetamol,134/72,63,97.8,92,Tax eye sure author take my.,True,Medium,1 tablets,Once a day,7 days
user34,Pass@9243,jlewis@example.org,Patricia Evans,1947-09-10,2025-10-22,Chest Pain,Dr. Mehta,Flu,Amlodipine,119/67,61,100.1,98,Follow know expert give forget mind poor.,False,High,2 tablets,Twice a day,14 days
user35,Pass@2475,christopher18@example.org,Jose King,1962-07-07,2025-07-31,Routine Checkup,Dr. Reddy,Asthma,Amlodipine,103/67,60,99.5,98,Bit partner choose career detail.,False,Low,1 tablets,Once a day,14 days
user36,Pass@8670,collinsjustin@example.net,Jane Padilla,1946-12-26,2026-04-02,Follow-up,Dr. Sharma,Hypertension,Azithromycin,100/77,85,98.1,91,Vote fish former toward.,False,Medium,2 tablets,Once a day,10 days
user37,Pass@2152,samuel68@example.net,Maureen Henderson,1988-11-10,2025-06-17,Chest Pain,Dr. Patel,Hypertension,Azithromycin,91/67,63,99.2,96,Action dog civil public so president born.,True,Low,2 tablets,Twice a day,13 days
user38,Pass@7102,rnguyen@example.org,Douglas Ruiz,1959-10-24,2025-08-23,Fever,Dr. Patel,Hypertension,Ibuprofen,94/68,78,97.6,90,Author visit cut three.,False,High,2 tablets,Twice a day,3 days
user39,Pass@8843,ldavis@example.com,Dustin Jones,1972-03-15,2025-11-06,Follow-up,Dr. Sharma,Flu,Amlodipine,99/64,73,102.0,91,Hope feeling skill every class mother pass improve.,True,Medium,2 tablets,Thrice a day,8 days
user40,Pass@9221,scottmichele@example.org,Jessica Myers,1974-07-04,2025-04-07,Routine Checkup,Dr. Mehta,Diabetes,Azithromycin,139/71,71,97.6,99,Score create almost have easy civil.,True,Low,1 tablets,Once a day,3 days
user41,Pass@6916,frice@example.org,Robert Elliott,1985-06-06,2025-12-26,Fever,Dr. Kumar,Diabetes,Ibuprofen,129/72,97,100.1,100,More ahead vote parent last score girl.,False,Low,1 tablets,Thrice a day,14 days
user42,Pass@9539,bryantanthony@example.com,Linda Glover,1977-03-15,2026-04-04,Headache,Dr. Mehta,Diabetes,Azithromycin,140/72,99,101.0,96,If fish student fast scene.,True,Medium,2 tablets,Once a day,7 days
user43,Pass@8207,chaneysean@example.org,Sherry Payne,1979-07-31,2025-08-11,Headache,Dr. Reddy,Flu,Azithromycin,132/71,93,99.2,90,Serve president TV everybody.,False,Medium,2 tablets,Thrice a day,13 days
user44,Pass@4786,scottgreen@example.net,Brian Foster,1946-02-03,2025-05-11,Chest Pain,Dr. Mehta,Flu,Metformin,110/70,79,97.6,92,Southern once arrive especially.,False,High,2 tablets,Twice a day,14 days
user45,Pass@2828,mknapp@example.com,Adrian Castro,1992-09-20,2026-02-21,Chest Pain,Dr. Sharma,Hypertension,Azithromycin,122/74,92,100.4,92,Wife rather whom ground treat modern star.,False,Medium,2 tablets,Thrice a day,4 days
user46,Pass@4163,gibsoneric@example.net,Taylor Anderson,1999-02-19,2026-01-06,Cough,Dr. Patel,Asthma,Amlodipine,111/67,87,98.1,100,Image structure try after program.,False,Medium,2 tablets,Twice a day,6 days
user47,Pass@2973,william52@example.org,Angela King,1968-02-21,2026-02-26,Fever,Dr. Reddy,Hypertension,Ibuprofen,118/61,82,97.7,99,Defense blue space suffer.,True,Low,2 tablets,Thrice a day,9 days
user48,Pass@9176,shari27@example.org,Sheila Estes,1965-04-18,2025-11-19,Follow-up,Dr. Kumar,Flu,Paracetamol,133/73,98,98.5,99,It to sort production.,False,High,1 tablets,Thrice a day,12 days
user49,Pass@3484,brianpeterson@example.net,Danielle Reilly,1947-08-10,2025-09-01,Headache,Dr. Patel,Covid-19,Paracetamol,131/70,81,98.7,95,Trip now development citizen.,False,Low,2 tablets,Twice a day,13 days
user50,Pass@1863,brianromero@example.org,Jon Klein,1999-08-11,2025-09-15,Routine Checkup,Dr. Kumar,Flu,Ibuprofen,112/74,100,98.2,90,Gun data page nor experience than energy notice.,False,Low,1 tablets,Twice a day,9 days
user51,Pass@1393,maria23@example.net,Steven Parrish,1965-09-11,2026-03-09,Routine Checkup,Dr. Reddy,Hypertension,Azithromycin,104/68,91,98.3,96,Home improve fish and sound.,False,High,1 tablets,Once a day,5 days
user52,Pass@5007,jefferyforbes@example.com,Jason Richardson,1990-12-22,2025-12-02,Headache,Dr. Kumar,Hypertension,Amlodipine,127/88,89,100.6,93,If amount billion.,False,Low,1 tablets,Twice a day,10 days
user53,Pass@6880,tracy98@example.net,Rachel Mooney,1997-07-29,2025-06-16,Cough,Dr. Reddy,Hypertension,Paracetamol,108/61,62,101.7,90,Word no as goal hope social matter.,True,Medium,2 tablets,Twice a day,5 days
user54,Pass@8304,leonardgalvan@example.net,Peter Robinson,1963-05-19,2025-04-09,Follow-up,Dr. Mehta,Flu,Amlodipine,93/82,83,99.5,95,Value attack when green account develop population.,True,Low,1 tablets,Twice a day,9 days
user55,Pass@5490,howardshawn@example.net,Jeremy Banks,1987-05-13,2025-09-22,Chest Pain,Dr. Mehta,Flu,Ibuprofen,127/80,68,98.3,98,Along against concern.,False,High,1 tablets,Once a day,10 days
user56,Pass@6089,hinestammy@example.net,Lisa Delgado,1951-10-27,2025-06-19,Routine Checkup,Dr. Patel,Covid-19,Azithromycin,126/62,80,100.6,100,Scene decide despite her network hear performance.,True,Medium,1 tablets,Once a day,14 days
user57,Pass@8596,geoffreyjensen@example.net,Rachel Roberts,1977-09-05,2025-10-13,Fever,Dr. Reddy,Hypertension,Amlodipine,103/84,86,100.8,96,Usually back eight style play game.,True,High,1 tablets,Thrice a day,14 days
user58,Pass@1234,christopherthomas@example.org,Amber Hester,2002-06-08,2025-08-09,Chest Pain,Dr. Reddy,Flu,Paracetamol,137/73,61,99.4,96,View news relate expect reflect occur.,False,Low,1 tablets,Once a day,6 days
user59,Pass@1595,jerrylittle@example.com,Denise Rodgers,1953-10-06,2025-06-06,Follow-up,Dr. Reddy,Flu,Amlodipine,129/77,81,97.5,98,Model course discuss book the.,True,Medium,2 tablets,Twice a day,12 days
user60,Pass@6019,lnichols@example.net,Roger Martinez,1997-09-11,2026-04-05,Cough,Dr. Sharma,Hypertension,Metformin,97/89,86,98.9,99,Push phone person against scientist let such.,False,Low,2 tablets,Thrice a day,9 days
user61,Pass@7951,johnsonraymond@example.com,Katherine Carroll,1963-07-06,2025-10-06,Chest Pain,Dr. Reddy,Covid-19,Ibuprofen,125/89,66,98.1,98,Understand arrive front world.,True,High,1 tablets,Thrice a day,8 days
user62,Pass@8469,littlerodney@example.net,Victor Frazier,1950-05-21,2025-04-25,Chest Pain,Dr. Patel,Hypertension,Ibuprofen,111/86,70,97.5,90,Mind general rest sometimes.,True,High,2 tablets,Once a day,4 days
user63,Pass@8615,cwest@example.net,Kimberly Brooks,1994-03-21,2025-08-21,Follow-up,Dr. Kumar,Flu,Azithromycin,117/75,73,99.5,99,Oil list team best answer.,False,Low,2 tablets,Thrice a day,6 days
user64,Pass@8781,nunezsamuel@example.org,Kenneth Spears,1981-04-08,2025-05-24,Fever,Dr. Sharma,Hypertension,Metformin,101/67,68,98.6,98,Truth charge ten ever listen billion executive.,False,Low,1 tablets,Once a day,7 days
user65,Pass@8089,danny91@example.net,Teresa Lopez,2005-09-17,2025-11-16,Cough,Dr. Mehta,Flu,Paracetamol,140/86,84,100.7,91,Hair summer change detail large art child.,False,High,2 tablets,Once a day,3 days
user66,Pass@2817,kgonzalez@example.org,Tom Sanford,1968-09-24,2026-03-02,Headache,Dr. Reddy,Diabetes,Azithromycin,106/90,87,97.5,94,Door position center themselves gas east.,True,Low,2 tablets,Twice a day,14 days
user67,Pass@2180,jeannemonroe@example.net,John Lee,1973-08-02,2025-07-09,Headache,Dr. Reddy,Diabetes,Azithromycin,122/81,98,101.6,93,Ok with far.,True,High,2 tablets,Twice a day,12 days
user68,Pass@6744,halljessica@example.net,Hannah Mcgee,1961-01-24,2025-04-20,Routine Checkup,Dr. Kumar,Migraine,Metformin,136/64,78,101.5,99,Late high could voice million threat summer.,True,Low,1 tablets,Thrice a day,12 days
user69,Pass@6649,gbeck@example.com,Dr. Scott Hoffman,1955-09-24,2025-04-28,Cough,Dr. Kumar,Diabetes,Ibuprofen,118/83,62,97.1,93,Include understand candidate tend interesting age tax strategy.,False,Medium,1 tablets,Thrice a day,7 days
user70,Pass@5661,jeremy74@example.net,Lisa Hoffman,1975-05-06,2025-07-27,Follow-up,Dr. Reddy,Hypertension,Amlodipine,118/77,81,101.3,91,Buy chance although detail.,False,Low,2 tablets,Once a day,12 days
user71,Pass@2123,whiteheadkevin@example.org,Catherine Mitchell,1992-12-20,2025-08-09,Routine Checkup,Dr. Sharma,Asthma,Azithromycin,137/64,76,99.4,97,Area current marriage quite head participant idea.,True,Medium,1 tablets,Twice a day,14 days
user72,Pass@7949,jeffrey48@example.net,Jacob Shaw,1978-11-28,2025-06-23,Follow-up,Dr. Sharma,Covid-19,Amlodipine,106/87,94,101.7,94,Culture record listen from billion.,False,High,1 tablets,Twice a day,12 days
user73,Pass@4938,jacksonjoann@example.net,Jacqueline Simon,2006-02-25,2025-10-30,Chest Pain,Dr. Patel,Flu,Metformin,96/87,86,100.4,90,Trade matter investment eight set these any help.,False,Low,1 tablets,Once a day,9 days
user74,Pass@7296,lance92@example.org,Gregory Nelson Jr.,1977-11-28,2025-08-27,Fever,Dr. Mehta,Diabetes,Ibuprofen,92/83,70,99.8,90,Both happen paper their full through.,False,Low,2 tablets,Twice a day,10 days
user75,Pass@2117,eburns@example.org,Jesse Davis,1963-05-26,2025-04-10,Cough,Dr. Kumar,Migraine,Ibuprofen,102/74,61,98.1,90,Day wide goal boy during with although.,True,Low,1 tablets,Once a day,7 days
user76,Pass@4337,christopher96@example.net,Deborah Sims,1946-12-31,2025-06-09,Follow-up,Dr. Sharma,Flu,Paracetamol,139/81,81,99.5,100,Accept discuss role chair street TV.,False,Low,2 tablets,Once a day,11 days
user77,Pass@9220,jenniferchase@example.org,Christine Lee,1990-04-02,2025-05-20,Fever,Dr. Patel,Asthma,Paracetamol,115/81,80,99.8,92,Return run ready.,True,Medium,2 tablets,Once a day,9 days
user78,Pass@2999,jbailey@example.net,Albert Beard,1996-01-04,2025-08-16,Fever,Dr. Sharma,Migraine,Amlodipine,113/77,66,98.7,100,No once ready none kind either rise work.,True,High,1 tablets,Thrice a day,3 days
user79,Pass@2957,melinda98@example.org,Samuel Larson,1995-06-14,2026-02-01,Fever,Dr. Mehta,Covid-19,Ibuprofen,132/80,90,100.2,98,Ready during else ability.,False,Low,1 tablets,Twice a day,7 days
user80,Pass@6065,diana21@example.org,Terry Smith,1993-11-28,2026-01-24,Follow-up,Dr. Patel,Flu,Ibuprofen,120/71,68,99.4,94,Lawyer develop method.,True,High,2 tablets,Twice a day,14 days
user81,Pass@6347,johnsondanielle@example.net,Jimmy Fox,1962-05-08,2026-02-11,Fever,Dr. Sharma,Hypertension,Paracetamol,134/82,93,100.6,91,All movie organization customer view.,True,Medium,2 tablets,Once a day,14 days
user82,Pass@3607,zacharygalloway@example.com,Thomas Cain,1967-09-17,2025-06-03,Chest Pain,Dr. Reddy,Hypertension,Paracetamol,107/60,83,99.0,92,It authority by where.,True,Low,2 tablets,Thrice a day,12 days
user83,Pass@3012,daniel90@example.org,Ashley Carlson,1997-07-07,2025-10-15,Chest Pain,Dr. Patel,Migraine,Azithromycin,128/81,69,101.7,93,Positive national surface a reflect use gas.,False,Low,2 tablets,Once a day,9 days
user84,Pass@4404,nicolewilson@example.net,Barbara Randall,1999-04-24,2025-10-01,Chest Pain,Dr. Sharma,Migraine,Metformin,122/62,66,99.4,97,Son worker art international agent would magazine guy.,False,Low,2 tablets,Thrice a day,6 days
user85,Pass@1148,stephanierogers@example.com,Michelle Hines,1975-03-20,2025-06-17,Headache,Dr. Patel,Migraine,Amlodipine,105/72,62,101.0,93,Management what air reduce across fill human.,True,Low,1 tablets,Thrice a day,14 days
user86,Pass@2935,wigginsevan@example.net,Michelle Sparks,1959-03-30,2025-05-02,Chest Pain,Dr. Kumar,Covid-19,Paracetamol,99/78,63,99.8,97,Black white father whose well remain future.,False,Low,1 tablets,Twice a day,14 days
user87,Pass@1169,hectormcbride@example.org,Nicholas Munoz,1951-05-24,2025-12-15,Routine Checkup,Dr. Patel,Covid-19,Azithromycin,117/60,60,98.6,99,Character help answer glass ready.,True,Medium,2 tablets,Once a day,6 days
user88,Pass@5240,caroline69@example.com,Steve Jones,2001-06-25,2025-10-31,Routine Checkup,Dr. Sharma,Covid-19,Metformin,118/80,75,99.2,100,Report far field follow cause recent.,True,High,1 tablets,Thrice a day,3 days
user89,Pass@3325,bennettchristina@example.net,Kevin Kelley,1957-01-12,2025-07-21,Fever,Dr. Mehta,Diabetes,Ibuprofen,97/78,88,101.3,97,Simply boy those activity thank board.,True,Low,1 tablets,Twice a day,9 days
user90,Pass@8667,bbecker@example.com,Kathryn Lopez,1978-06-12,2025-06-12,Fever,Dr. Sharma,Migraine,Paracetamol,132/85,65,99.6,93,My fact nation raise fly growth affect around.,False,Medium,2 tablets,Once a day,7 days
user91,Pass@7526,sara95@example.org,Jacob Lyons,1952-01-15,2026-02-12,Chest Pain,Dr. Patel,Covid-19,Paracetamol,137/88,97,100.4,97,Himself lead charge like his rule card.,False,Medium,1 tablets,Thrice a day,12 days
user92,Pass@3310,crystalstuart@example.net,Christopher Walsh,1957-03-22,2025-09-26,Fever,Dr. Reddy,Diabetes,Metformin,93/73,66,98.3,99,Fly spring method save resource chair.,False,Medium,1 tablets,Thrice a day,9 days
user93,Pass@7895,ryan54@example.com,Kathleen Tucker,1948-08-18,2026-04-03,Headache,Dr. Sharma,Flu,Amlodipine,105/77,94,97.1,92,Education rather career new.,False,High,2 tablets,Twice a day,4 days
user94,Pass@6424,nataliefrank@example.com,Tamara Marquez,2003-03-11,2025-11-30,Cough,Dr. Kumar,Hypertension,Metformin,105/77,86,98.7,98,Investment Republican store practice morning after.,False,High,2 tablets,Thrice a day,8 days
user95,Pass@4635,kennedymichelle@example.net,Joseph Hernandez,1945-04-10,2026-01-10,Cough,Dr. Mehta,Hypertension,Paracetamol,93/68,90,98.1,93,Could base subject level medical not know nice.,True,High,2 tablets,Twice a day,6 days
user96,Pass@6351,smithstephanie@example.com,Thomas Mcdaniel,1993-10-28,2025-04-22,Headache,Dr. Reddy,Flu,Ibuprofen,125/69,85,98.0,92,Card various meeting late.,True,Low,1 tablets,Thrice a day,5 days
user97,Pass@4352,frenchcatherine@example.com,David Garcia,1974-11-19,2025-04-17,Cough,Dr. Kumar,Migraine,Metformin,100/78,87,99.7,98,Letter development factor eat leader.,False,High,1 tablets,Twice a day,5 days
user98,Pass@6960,matthewlogan@example.com,Teresa Ferguson,2004-06-16,2026-01-23,Cough,Dr. Mehta,Hypertension,Amlodipine,123/79,95,101.2,94,Story apply prevent behind room bill certainly go.,False,High,2 tablets,Once a day,14 days
user99,Pass@7055,xgarcia@example.com,Karen Hill,1952-01-14,2026-03-06,Headache,Dr. Patel,Hypertension,Paracetamol,135/71,88,100.8,90,Stand official middle camera theory minute authority ok.,True,High,1 tablets,Once a day,7 days
user100,Pass@4755,vferguson@example.net,Lisa Daniel,2004-05-12,2026-01-29,Cough,Dr. Sharma,Asthma,Amlodipine,121/77,91,98.8,99,Movie miss put yourself while will.,True,High,2 tablets,Twice a day,12 days
user101,Pass@4305,marciaking@example.org,Caleb Yang,1989-04-09,2025-08-28,Headache,Dr. Sharma,Covid-19,Amlodipine,99/80,81,97.1,98,Especially parent city three.,True,Medium,1 tablets,Twice a day,13 days
user102,Pass@7116,cyoung@example.org,Gregory Sanders,1977-01-31,2026-01-12,Cough,Dr. Reddy,Flu,Paracetamol,107/84,60,100.0,94,Suffer item state ago.,False,Medium,1 tablets,Once a day,3 days
user103,Pass@8476,coffeyjesus@example.org,Tamara Matthews,1956-03-29,2025-04-30,Follow-up,Dr. Sharma,Flu,Azithromycin,125/82,64,99.0,99,Care space rock writer.,False,Medium,2 tablets,Thrice a day,14 days
user104,Pass@9179,qclark@example.org,Erika Gay,1945-10-05,2025-06-18,Follow-up,Dr. Reddy,Asthma,Ibuprofen,113/87,98,100.0,94,Movement water race military several.,True,Low,2 tablets,Thrice a day,12 days
user105,Pass@7918,hayeswendy@example.com,Jeremy Harris,1966-11-16,2025-10-06,Routine Checkup,Dr. Mehta,Covid-19,Paracetamol,111/69,72,97.0,90,Trial few recently day oil.,True,High,2 tablets,Thrice a day,12 days
user106,Pass@6732,hconway@example.org,Frederick Stafford,2002-06-03,2025-08-18,Fever,Dr. Reddy,Covid-19,Ibuprofen,118/79,90,97.3,91,Hundred American sister shake peace bank remain table.,True,Low,2 tablets,Thrice a day,10 days
user107,Pass@4551,cameron16@example.com,Jeremy Clark,1955-06-21,2026-01-24,Headache,Dr. Patel,Diabetes,Metformin,118/89,81,98.6,92,Follow team fish professor technology civil.,True,High,2 tablets,Twice a day,10 days
user108,Pass@1472,richardtaylor@example.com,Mary Martin,1948-07-03,2026-02-10,Routine Checkup,Dr. Patel,Hypertension,Metformin,90/63,90,101.9,100,Station ever new analysis society.,False,Low,1 tablets,Once a day,13 days
user109,Pass@3821,vincentwillie@example.org,Janet Edwards,1990-06-25,2025-09-01,Follow-up,Dr. Patel,Flu,Paracetamol,107/74,78,97.7,98,Customer contain sign hard garden during.,False,Medium,2 tablets,Twice a day,10 days
user110,Pass@7045,diaztravis@example.net,Tanya Mora,1966-12-25,2025-04-20,Chest Pain,Dr. Kumar,Hypertension,Ibuprofen,98/82,66,97.6,91,Sign weight send history stock test.,False,High,2 tablets,Twice a day,3 days
user111,Pass@7923,anita62@example.net,John Garcia,1996-10-20,2025-12-05,Cough,Dr. Patel,Diabetes,Metformin,123/75,93,98.2,99,Process together radio trial.,False,High,2 tablets,Twice a day,10 days
user112,Pass@5475,jill92@example.org,Jessica Ellis,2002-01-16,2025-09-16,Follow-up,Dr. Sharma,Diabetes,Paracetamol,116/60,99,98.2,95,Standard support him visit body.,True,Medium,2 tablets,Thrice a day,9 days
user113,Pass@8010,margaret10@example.net,David Stephens,1957-03-03,2025-10-28,Fever,Dr. Kumar,Migraine,Amlodipine,109/72,60,97.8,96,Common central but until take time tell others.,False,High,1 tablets,Thrice a day,14 days
user114,Pass@4574,clarencestevens@example.com,Andrew Owens DDS,1982-06-06,2026-03-20,Follow-up,Dr. Mehta,Migraine,Metformin,112/64,75,100.4,92,Ask clear why adult stay.,True,High,1 tablets,Twice a day,9 days
user115,Pass@1331,frank65@example.org,Nicole Peterson DVM,1982-03-02,2025-07-12,Chest Pain,Dr. Sharma,Flu,Paracetamol,127/68,62,101.5,95,Expert manager speech agreement bag.,False,Medium,2 tablets,Thrice a day,3 days
user116,Pass@1212,caleb35@example.com,Brooke Garcia,1987-02-10,2025-09-06,Routine Checkup,Dr. Kumar,Covid-19,Metformin,98/73,92,99.6,90,Save family among.,False,Low,2 tablets,Twice a day,14 days
user117,Pass@8973,james20@example.net,Gail Hernandez,1959-10-09,2025-12-29,Chest Pain,Dr. Patel,Flu,Amlodipine,100/75,69,101.2,91,If form time.,True,Medium,1 tablets,Once a day,5 days
user118,Pass@3219,brian26@example.net,Lisa Burch,1991-05-10,2026-03-10,Chest Pain,Dr. Reddy,Migraine,Metformin,139/64,81,102.0,97,Give plan glass entire line crime culture nation.,False,Low,2 tablets,Thrice a day,10 days
user119,Pass@3286,sarahdavis@example.net,Mary Carr,1968-11-10,2025-05-21,Follow-up,Dr. Sharma,Asthma,Azithromycin,126/82,89,98.9,94,Them management exist finish food.,False,High,1 tablets,Thrice a day,12 days
user120,Pass@4500,jeanette18@example.net,Sarah Brown,2001-06-20,2025-09-12,Headache,Dr. Reddy,Hypertension,Paracetamol,114/86,74,101.6,100,Weight night understand fund nor first.,True,High,2 tablets,Thrice a day,10 days
user121,Pass@4437,ramosmegan@example.net,Nathan Rodriguez,1960-01-09,2025-11-10,Headache,Dr. Patel,Diabetes,Paracetamol,104/75,78,99.4,94,Instead method contain five still Congress each.,False,Medium,2 tablets,Once a day,3 days
user122,Pass@5966,kimberlybrown@example.com,Stephanie Fuentes,1976-05-14,2025-11-21,Chest Pain,Dr. Sharma,Diabetes,Azithromycin,134/86,79,97.6,93,Commercial black food feeling sport.,True,Low,2 tablets,Once a day,4 days
user123,Pass@2958,macdonaldjose@example.net,Aaron Rivera,1967-01-17,2026-01-30,Follow-up,Dr. Reddy,Covid-19,Ibuprofen,139/78,72,97.7,99,Whom staff senior often say.,True,High,2 tablets,Thrice a day,4 days
user124,Pass@1004,kathryn40@example.org,Shannon Smith,1958-08-28,2025-04-11,Chest Pain,Dr. Patel,Hypertension,Azithromycin,108/66,88,97.4,100,Operation student second statement.,False,Medium,1 tablets,Once a day,12 days
user125,Pass@2935,lgray@example.net,Melissa Meyer,1957-05-22,2025-08-05,Headache,Dr. Reddy,Diabetes,Paracetamol,130/62,81,99.9,90,Cold hard the anything talk discuss science too.,False,High,1 tablets,Thrice a day,5 days
user126,Pass@9333,lisapatton@example.org,Marisa Tapia,1980-11-20,2025-11-24,Follow-up,Dr. Reddy,Asthma,Amlodipine,112/67,90,97.5,93,Item near because space commercial agree field this.,False,High,1 tablets,Twice a day,4 days
user127,Pass@3532,maddoxemily@example.org,Joseph Bowman,1966-08-10,2025-12-31,Follow-up,Dr. Patel,Asthma,Amlodipine,137/77,75,97.3,95,Economic tell upon.,True,Low,1 tablets,Once a day,9 days
user128,Pass@7166,michael15@example.org,Joshua Jones,1980-02-15,2025-11-25,Follow-up,Dr. Kumar,Flu,Amlodipine,94/86,67,97.7,96,High they sit mention customer.,False,Low,2 tablets,Thrice a day,12 days
user129,Pass@3288,robert55@example.org,Jerry Parrish,1958-11-27,2026-01-04,Cough,Dr. Reddy,Flu,Ibuprofen,124/76,88,97.4,91,Trip dinner threat would away modern.,True,Low,2 tablets,Thrice a day,7 days
user130,Pass@6170,pennybell@example.net,Ian Ford,2001-03-18,2025-09-24,Routine Checkup,Dr. Reddy,Flu,Metformin,119/61,79,100.9,100,Discover wish art old better cause whom.,False,High,2 tablets,Thrice a day,3 days
user131,Pass@4815,stewarteric@example.org,Debra Anderson,1991-04-14,2026-02-20,Cough,Dr. Sharma,Asthma,Ibuprofen,133/79,71,101.1,98,Then city including place.,True,High,1 tablets,Once a day,4 days
user132,Pass@9206,cervantesgeorge@example.net,Jessica Griffith,1948-04-08,2026-03-30,Cough,Dr. Mehta,Asthma,Ibuprofen,129/89,60,101.0,96,World of put material civil.,False,High,2 tablets,Thrice a day,6 days
user133,Pass@3816,robert57@example.net,Heather Miller,1999-11-12,2025-05-23,Cough,Dr. Reddy,Flu,Ibuprofen,107/67,80,98.0,90,Table special themselves talk receive upon interesting.,True,Low,2 tablets,Once a day,4 days
user134,Pass@8230,smithbrian@example.net,William Wilson,1973-03-19,2026-02-04,Follow-up,Dr. Sharma,Hypertension,Azithromycin,100/70,90,102.0,94,Evidence us particularly.,True,Medium,2 tablets,Twice a day,9 days
user135,Pass@3900,zlopez@example.org,Arthur Munoz,1951-02-05,2025-05-22,Fever,Dr. Kumar,Flu,Amlodipine,134/89,68,98.5,94,Television during entire character card possible time walk.,False,Low,1 tablets,Twice a day,7 days
user136,Pass@5375,ericbyrd@example.net,Sheila Mitchell,1973-09-22,2026-02-21,Routine Checkup,Dr. Mehta,Migraine,Paracetamol,120/63,84,97.0,97,Cold story each data.,True,High,1 tablets,Twice a day,11 days
user137,Pass@1650,cowen@example.org,Richard Lopez,1959-02-04,2025-09-03,Routine Checkup,Dr. Sharma,Flu,Ibuprofen,124/88,93,101.6,92,Perform most when contain force focus.,False,Low,2 tablets,Once a day,14 days
user138,Pass@3125,craig90@example.org,Eric Rodriguez,1985-08-14,2026-03-07,Cough,Dr. Sharma,Flu,Ibuprofen,125/62,72,99.8,99,Total wind clear risk.,True,High,2 tablets,Thrice a day,9 days
user139,Pass@3108,kenneth35@example.org,Megan Smith,1994-01-19,2025-07-02,Routine Checkup,Dr. Reddy,Covid-19,Azithromycin,98/80,71,101.1,90,Yes any yet challenge.,False,Medium,1 tablets,Thrice a day,8 days
user140,Pass@2052,kimmitchell@example.net,Jennifer Allison,1962-12-24,2025-07-16,Headache,Dr. Kumar,Migraine,Paracetamol,119/65,75,101.1,96,Focus major focus sometimes offer.,False,Low,1 tablets,Once a day,9 days
user141,Pass@5885,amandagomez@example.org,Brett Smith,1954-02-23,2025-04-21,Cough,Dr. Reddy,Covid-19,Azithromycin,98/78,74,101.0,99,Fine mean fill.,False,Medium,2 tablets,Thrice a day,9 days
user142,Pass@2747,keithjerry@example.net,Christine Myers,1981-05-17,2025-11-15,Headache,Dr. Kumar,Migraine,Metformin,118/86,69,100.8,90,Whom cold yard head wide.,False,Medium,1 tablets,Twice a day,11 days
user143,Pass@6166,mle@example.org,Alicia Miller,1977-10-04,2025-10-18,Routine Checkup,Dr. Sharma,Migraine,Amlodipine,96/71,86,101.4,97,Possible real try left.,False,Low,1 tablets,Twice a day,3 days
user144,Pass@5925,cduncan@example.com,Lawrence Jordan,2003-11-10,2025-09-23,Routine Checkup,Dr. Patel,Flu,Metformin,127/85,73,100.7,96,Will work really.,True,Low,1 tablets,Once a day,9 days
user145,Pass@1183,joanjones@example.org,Michele Webb,1968-04-24,2025-08-28,Headache,Dr. Sharma,Diabetes,Azithromycin,99/88,87,99.0,90,Through fear by six let economic.,True,High,1 tablets,Thrice a day,5 days
user146,Pass@2050,elizabeth40@example.net,Leonard Randall,1989-04-10,2026-01-20,Follow-up,Dr. Reddy,Covid-19,Ibuprofen,121/90,69,98.8,99,Authority section improve million add spring exactly little.,True,High,2 tablets,Thrice a day,7 days
user147,Pass@2499,brianna19@example.org,Kevin Rowland,1999-04-28,2025-06-28,Follow-up,Dr. Kumar,Diabetes,Paracetamol,116/63,71,101.8,92,Hair important different instead choose.,True,Low,2 tablets,Twice a day,9 days
user148,Pass@9318,kenneth98@example.net,Renee Brown,1967-08-28,2025-08-23,Routine Checkup,Dr. Sharma,Migraine,Azithromycin,124/80,62,100.8,93,Avoid goal deep hour operation.,False,Medium,1 tablets,Once a day,14 days
user149,Pass@1003,matthewjackson@example.com,Pamela Hernandez,1962-09-01,2025-11-19,Fever,Dr. Patel,Flu,Ibuprofen,138/63,71,101.6,90,Clearly person million my firm determine party public.,True,Low,2 tablets,Thrice a day,6 days
user150,Pass@2263,uhenson@example.org,Tiffany Rogers,1990-08-04,2025-05-18,Headache,Dr. Reddy,Hypertension,Paracetamol,105/78,96,97.7,98,Special present huge have must near.,True,Low,1 tablets,Thrice a day,5 days
user151,Pass@7109,vtaylor@example.net,Logan Butler,1961-12-09,2025-07-21,Chest Pain,Dr. Kumar,Hypertension,Metformin,130/68,67,98.8,95,Raise site threat so.,False,High,2 tablets,Once a day,3 days
user152,Pass@4464,aprilgriffin@example.net,Kimberly Jordan,2006-12-28,2026-01-17,Follow-up,Dr. Patel,Flu,Azithromycin,95/78,96,97.2,92,Budget both nothing senior.,True,Low,2 tablets,Once a day,5 days
user153,Pass@1668,colleen24@example.com,Cassidy Webb,1955-03-20,2026-01-30,Fever,Dr. Mehta,Covid-19,Azithromycin,131/76,70,98.5,96,Red much impact yes clear meeting bad.,True,Medium,1 tablets,Twice a day,3 days
user154,Pass@5844,ronald07@example.org,Abigail Taylor,1971-02-13,2025-07-06,Headache,Dr. Mehta,Asthma,Paracetamol,131/74,71,101.9,98,Let side child best.,False,Low,2 tablets,Thrice a day,12 days
user155,Pass@2044,ybeltran@example.net,Manuel Francis,1989-03-19,2026-01-24,Routine Checkup,Dr. Sharma,Migraine,Amlodipine,124/73,62,97.0,92,Front effect shake you test world.,True,Low,2 tablets,Once a day,9 days
user156,Pass@8915,wardcameron@example.com,Tammie Chapman,2008-01-13,2025-04-08,Fever,Dr. Patel,Diabetes,Azithromycin,117/61,62,98.3,98,Pay good other.,True,High,1 tablets,Twice a day,6 days
user157,Pass@3390,steelenatalie@example.org,Brandon Whitaker,1966-11-25,2025-10-12,Headache,Dr. Mehta,Hypertension,Ibuprofen,129/83,88,101.1,90,Understand wide blue option.,True,Low,2 tablets,Twice a day,4 days
user158,Pass@3050,wfranklin@example.com,Laura Meyer,1962-03-01,2026-01-29,Follow-up,Dr. Reddy,Hypertension,Amlodipine,93/88,76,102.0,97,Wide live how.,True,Low,1 tablets,Thrice a day,4 days
user159,Pass@4598,sean33@example.org,Jeremy Dean,1974-07-08,2026-01-21,Fever,Dr. Kumar,Flu,Ibuprofen,90/80,98,97.3,91,Drug paper positive television seek.,False,Low,2 tablets,Thrice a day,6 days
user160,Pass@2828,doris44@example.net,Jennifer Mercer,1953-03-09,2025-09-15,Cough,Dr. Patel,Diabetes,Azithromycin,93/77,64,99.6,90,War senior true machine.,False,High,1 tablets,Once a day,6 days
user161,Pass@7255,xavier75@example.org,David Trujillo,2003-10-21,2025-07-29,Headache,Dr. Kumar,Flu,Metformin,120/82,85,100.8,92,Business focus laugh couple great explain.,True,Medium,1 tablets,Thrice a day,4 days
user162,Pass@9876,sweeneywhitney@example.net,Elizabeth Hart,1971-10-28,2025-10-02,Cough,Dr. Mehta,Diabetes,Paracetamol,108/83,84,99.6,90,Author democratic allow such side unit development.,False,Medium,2 tablets,Thrice a day,8 days
user163,Pass@8640,fwilliams@example.org,Jordan Holmes,1993-03-10,2026-01-19,Fever,Dr. Mehta,Flu,Azithromycin,129/77,60,97.9,91,Time remain only wait.,True,Low,2 tablets,Thrice a day,4 days
user164,Pass@6956,williamsamy@example.net,Joshua Gray,1982-07-06,2025-06-16,Routine Checkup,Dr. Patel,Hypertension,Metformin,120/86,67,101.6,90,By road form smile.,False,High,1 tablets,Twice a day,5 days
user165,Pass@9386,bryan36@example.org,Nathan Wong,1983-07-06,2026-01-02,Routine Checkup,Dr. Reddy,Flu,Paracetamol,119/90,95,100.4,90,Particularly case wrong.,True,Medium,1 tablets,Once a day,10 days
user166,Pass@2755,kmorris@example.net,Sabrina Mcdonald,2004-08-11,2025-11-25,Fever,Dr. Kumar,Migraine,Ibuprofen,95/72,89,99.9,96,Far yeah analysis tend high either.,False,Medium,1 tablets,Twice a day,8 days
user167,Pass@8539,codyroberts@example.net,Deborah Lee,1996-11-17,2025-09-26,Fever,Dr. Kumar,Covid-19,Azithromycin,126/60,96,97.3,99,Grow future avoid discussion available.,False,Low,1 tablets,Once a day,7 days
user168,Pass@4761,erik40@example.org,Jennifer Cantrell,1962-09-13,2025-12-09,Headache,Dr. Reddy,Asthma,Ibuprofen,90/64,93,98.7,90,Threat amount represent.,True,Medium,2 tablets,Twice a day,11 days
user169,Pass@4758,banksjasmine@example.net,Kimberly Riley,1950-08-31,2025-08-02,Follow-up,Dr. Reddy,Hypertension,Amlodipine,108/67,74,97.1,98,Chair spend somebody them.,False,High,1 tablets,Twice a day,8 days
user170,Pass@5044,jamiefrank@example.net,Samantha Herrera,1997-06-22,2025-11-20,Follow-up,Dr. Mehta,Asthma,Metformin,109/89,60,99.2,98,Benefit as some management possible friend brother.,False,High,2 tablets,Once a day,4 days
user171,Pass@1822,tiffanyanderson@example.org,Tracy Adams,1965-03-27,2025-06-26,Cough,Dr. Mehta,Flu,Metformin,100/73,90,101.9,96,Low million view how.,False,High,1 tablets,Twice a day,9 days
user172,Pass@4253,foxjoe@example.net,Benjamin Bell,1964-07-27,2025-04-14,Headache,Dr. Kumar,Asthma,Ibuprofen,112/80,73,98.6,97,Main character argue field power yet father.,False,Low,1 tablets,Once a day,12 days
user173,Pass@6744,kenneth31@example.net,Nichole Lee,1995-09-07,2025-08-12,Headache,Dr. Reddy,Hypertension,Azithromycin,138/71,93,99.6,97,Open even beautiful put already give light.,True,Medium,1 tablets,Once a day,4 days
user174,Pass@4225,michael28@example.net,Connie Tucker,1993-12-23,2025-05-12,Chest Pain,Dr. Reddy,Covid-19,Ibuprofen,97/89,81,98.3,100,Beat present want upon pattern born thought but.,True,Low,1 tablets,Twice a day,8 days
user175,Pass@9755,hross@example.org,Rachel Bell,1976-05-23,2026-01-30,Follow-up,Dr. Kumar,Migraine,Metformin,114/83,93,100.4,90,Treat reflect office today wrong degree money feeling.,True,High,2 tablets,Thrice a day,10 days
user176,Pass@9935,michaelsimon@example.org,Joseph Johnson,1985-02-15,2025-12-12,Follow-up,Dr. Sharma,Hypertension,Ibuprofen,92/78,81,99.6,93,Check option owner walk lot wish have citizen.,False,Medium,1 tablets,Twice a day,14 days
user177,Pass@6260,qmurphy@example.org,Gary Garcia,1969-03-09,2025-08-24,Headache,Dr. Sharma,Diabetes,Amlodipine,99/76,89,98.7,98,Fine wind fish include million yet.,True,Medium,2 tablets,Thrice a day,13 days
user178,Pass@7273,huffalexander@example.net,Kristina Zimmerman,1994-03-14,2026-03-06,Chest Pain,Dr. Sharma,Migraine,Metformin,110/87,60,97.7,93,Our tree rather ability.,True,Low,2 tablets,Once a day,9 days
user179,Pass@4426,sherrilewis@example.com,Sandra Brown,1997-12-12,2026-02-18,Chest Pain,Dr. Reddy,Asthma,Azithromycin,135/73,78,101.9,96,There because response once.,False,Medium,2 tablets,Thrice a day,12 days
user180,Pass@7639,lsimmons@example.net,Courtney Graham,1987-10-05,2025-04-07,Follow-up,Dr. Sharma,Migraine,Ibuprofen,128/86,76,100.4,94,Tend difficult major sometimes.,False,Medium,1 tablets,Once a day,12 days
user181,Pass@1556,josephjones@example.com,Ryan Baker,1961-05-31,2025-10-02,Headache,Dr. Patel,Hypertension,Metformin,136/66,88,99.0,99,Sit poor large.,True,High,2 tablets,Twice a day,13 days
user182,Pass@9396,heatherellis@example.net,Shannon Munoz,1945-10-12,2025-09-14,Follow-up,Dr. Sharma,Diabetes,Ibuprofen,112/70,80,97.9,94,Tough career understand career couple just seat.,True,High,1 tablets,Once a day,8 days
user183,Pass@4404,stephensjohn@example.org,Victoria Tran,1989-08-25,2025-07-24,Cough,Dr. Kumar,Asthma,Ibuprofen,133/81,62,101.6,95,Consider stop measure class.,False,Medium,2 tablets,Once a day,6 days
user184,Pass@8964,andersonfelicia@example.net,Jacob Wallace,1952-12-06,2025-09-23,Routine Checkup,Dr. Kumar,Migraine,Paracetamol,122/82,86,98.0,93,Government control Congress plant the position enjoy want.,False,Medium,2 tablets,Once a day,9 days
user185,Pass@5999,anthony94@example.net,Timothy Thomas,1997-11-26,2026-03-29,Headache,Dr. Mehta,Flu,Metformin,91/87,87,101.2,95,Cup quickly score blue article know defense.,True,Medium,1 tablets,Thrice a day,11 days
user186,Pass@7762,brownjeremiah@example.org,James Mullins,1971-07-15,2025-04-28,Routine Checkup,Dr. Sharma,Migraine,Paracetamol,117/70,84,100.2,90,Minute where play create beat project long.,False,Low,1 tablets,Thrice a day,6 days
user187,Pass@7154,yodershannon@example.org,David Ross,1961-11-21,2025-08-29,Fever,Dr. Sharma,Migraine,Amlodipine,140/76,79,100.4,96,Total another throughout.,True,Medium,1 tablets,Thrice a day,13 days
user188,Pass@1551,millerholly@example.com,Charles Smith,1963-06-16,2025-10-11,Headache,Dr. Patel,Hypertension,Ibuprofen,96/77,62,99.2,92,Town drop hit note generation position present.,False,Medium,2 tablets,Thrice a day,9 days
user189,Pass@5063,xherrera@example.net,Nicole Jones,1985-05-04,2025-06-22,Headache,Dr. Patel,Covid-19,Paracetamol,96/83,94,101.4,93,Outside operation Mrs help.,True,Medium,2 tablets,Once a day,7 days
user190,Pass@3332,rollinsfelicia@example.com,Stephanie Jackson,1993-12-06,2025-06-24,Routine Checkup,Dr. Kumar,Asthma,Amlodipine,90/87,69,99.2,99,Expert seven apply last.,False,High,1 tablets,Twice a day,8 days
user191,Pass@1665,goneill@example.net,Steven Edwards,1972-09-03,2025-12-23,Follow-up,Dr. Mehta,Hypertension,Metformin,130/90,87,99.8,91,Try store report whatever door.,True,High,2 tablets,Once a day,4 days
user192,Pass@7994,juan55@example.com,Parker Garcia,1985-05-10,2025-11-23,Chest Pain,Dr. Sharma,Diabetes,Azithromycin,109/77,98,97.4,98,End star commercial reason.,False,High,1 tablets,Thrice a day,4 days
user193,Pass@8357,kimrodriguez@example.net,Ricky Walters DDS,1953-05-22,2025-05-17,Fever,Dr. Reddy,Asthma,Paracetamol,123/78,68,98.8,98,Now shoulder generation follow trade.,True,Low,1 tablets,Twice a day,5 days
user194,Pass@1965,jason40@example.net,Kyle Dixon,1968-02-21,2025-09-17,Routine Checkup,Dr. Reddy,Flu,Paracetamol,135/77,63,98.0,94,Away would city.,False,High,2 tablets,Thrice a day,6 days
user195,Pass@2111,chelseaweaver@example.net,Laura Thomas,1976-12-22,2026-03-29,Follow-up,Dr. Sharma,Hypertension,Amlodipine,119/61,69,98.8,92,Her teach but body.,False,Low,2 tablets,Thrice a day,7 days
user196,Pass@9407,afrench@example.com,Nicholas Hill,1952-03-02,2025-11-26,Headache,Dr. Reddy,Migraine,Azithromycin,140/77,86,100.5,92,There each nation church say subject perhaps.,False,High,1 tablets,Twice a day,3 days
user197,Pass@2098,cainlindsey@example.org,Jessica Sanchez,1954-11-01,2025-06-25,Fever,Dr. Mehta,Covid-19,Paracetamol,91/79,94,99.3,90,Model eight black from game talk.,True,Medium,2 tablets,Twice a day,7 days
user198,Pass@1611,dianechavez@example.org,Gary Walsh MD,1950-05-05,2026-01-28,Fever,Dr. Mehta,Migraine,Azithromycin,108/63,62,101.7,99,Yes list likely.,True,Medium,2 tablets,Once a day,11 days
user199,Pass@1548,cbarnes@example.org,Daniel Moreno,1997-01-01,2025-06-23,Routine Checkup,Dr. Patel,Hypertension,Metformin,96/70,75,98.5,94,Turn mind audience bed.,True,High,1 tablets,Thrice a day,14 days
user200,Pass@7407,zjones@example.com,Kelly Rice,1965-12-26,2026-02-26,Headache,Dr. Sharma,Flu,Amlodipine,134/75,60,101.5,91,International walk party military.,True,High,2 tablets,Twice a day,3 days
user201,Pass@1768,yeseniamckinney@example.com,Tara Lewis,1962-12-10,2025-06-21,Fever,Dr. Reddy,Hypertension,Azithromycin,112/76,74,97.9,95,Many growth have perhaps.,False,High,1 tablets,Twice a day,6 days
user202,Pass@6673,alexa08@example.org,Alyssa Austin,1991-11-06,2026-01-22,Routine Checkup,Dr. Patel,Covid-19,Metformin,111/61,81,100.9,94,Candidate middle cell result road.,True,Medium,1 tablets,Thrice a day,14 days
user203,Pass@7208,yrichards@example.com,Samantha Andrews,1995-01-08,2025-04-17,Cough,Dr. Mehta,Asthma,Azithromycin,129/83,91,101.5,97,Sort a laugh practice.,False,Low,1 tablets,Thrice a day,10 days
user204,Pass@8094,mcmahonjulia@example.net,Amanda Flores,1961-10-13,2026-01-22,Routine Checkup,Dr. Patel,Covid-19,Amlodipine,107/74,71,101.1,92,Painting event early into medical task and.,True,High,1 tablets,Once a day,4 days
user205,Pass@5181,kevinwalker@example.org,Ashley Estrada,1973-12-17,2025-07-16,Headache,Dr. Mehta,Asthma,Ibuprofen,99/63,69,101.8,97,School but enter.,False,Medium,1 tablets,Once a day,5 days
user206,Pass@9112,michaelcarson@example.com,Shelley Erickson,1994-03-21,2025-06-24,Fever,Dr. Kumar,Diabetes,Paracetamol,137/69,67,98.9,93,Authority my time woman especially especially our any.,False,Medium,2 tablets,Thrice a day,12 days
user207,Pass@4539,sarahcampbell@example.com,Mario Alvarez,1998-01-17,2026-02-19,Fever,Dr. Reddy,Asthma,Paracetamol,113/73,94,99.2,98,Tell option see reach upon.,True,Medium,2 tablets,Once a day,3 days
user208,Pass@8910,jessicastanley@example.net,Alexandra Gonzalez,1981-01-25,2025-11-27,Fever,Dr. Kumar,Hypertension,Metformin,112/65,69,98.6,94,Hundred bed reason water animal before interesting.,True,High,1 tablets,Thrice a day,8 days
user209,Pass@8665,lindafreeman@example.com,Kathy Taylor,1998-02-13,2025-05-17,Follow-up,Dr. Sharma,Flu,Ibuprofen,123/65,85,98.5,100,Child identify game senior hot outside.,True,Medium,2 tablets,Thrice a day,11 days
user210,Pass@8528,christopherkline@example.com,Samuel Boyer,1967-11-22,2025-07-23,Follow-up,Dr. Mehta,Diabetes,Azithromycin,129/85,75,98.8,95,Arm debate if be people soldier.,True,High,1 tablets,Twice a day,13 days
user211,Pass@2522,eatonanthony@example.org,Brian Gray,2000-08-19,2025-06-18,Cough,Dr. Patel,Asthma,Azithromycin,116/69,74,101.2,94,Environmental if on century not computer truth mother.,False,Medium,2 tablets,Thrice a day,6 days
user212,Pass@6188,jennifergilbert@example.org,Ryan Leonard,1993-02-13,2025-04-20,Chest Pain,Dr. Sharma,Migraine,Azithromycin,127/79,66,98.3,90,Individual itself south us investment rest speak.,False,High,2 tablets,Twice a day,3 days
user213,Pass@3380,christopher60@example.org,David Wood,1962-12-12,2025-07-21,Chest Pain,Dr. Kumar,Flu,Paracetamol,105/69,82,98.0,94,Significant one window star six.,False,High,2 tablets,Thrice a day,4 days
user214,Pass@2536,vaughnryan@example.com,Ashley White,2005-12-17,2025-09-15,Follow-up,Dr. Reddy,Diabetes,Azithromycin,105/67,100,98.5,92,Travel approach statement adult commercial.,True,High,1 tablets,Thrice a day,13 days
user215,Pass@2208,charris@example.org,Johnny Brown,1973-07-28,2025-06-25,Fever,Dr. Patel,Flu,Amlodipine,118/78,97,99.3,96,Fill herself appear camera bring Republican.,False,High,2 tablets,Twice a day,5 days
user216,Pass@3145,marshalldevon@example.net,Eddie Davis,1959-05-23,2026-03-17,Fever,Dr. Patel,Asthma,Paracetamol,118/76,72,99.5,97,Reach peace religious language.,True,High,1 tablets,Once a day,13 days
user217,Pass@3008,vwagner@example.com,John Davis,2003-03-22,2026-01-01,Cough,Dr. Patel,Hypertension,Metformin,114/82,84,98.5,92,Already sense almost drop letter court performance.,True,High,1 tablets,Twice a day,13 days
user218,Pass@3988,hmiranda@example.com,Angela Drake,1983-01-25,2025-06-26,Cough,Dr. Patel,Hypertension,Metformin,140/88,79,99.5,91,Prepare crime inside newspaper develop theory.,False,Medium,1 tablets,Thrice a day,14 days
user219,Pass@4828,xhebert@example.net,Autumn Fox,1972-06-02,2026-03-20,Headache,Dr. Kumar,Asthma,Ibuprofen,126/60,78,100.3,97,Drug carry pull drug.,True,Low,2 tablets,Twice a day,8 days
user220,Pass@7939,brichardson@example.net,April Hall,1981-12-05,2026-02-04,Follow-up,Dr. Reddy,Flu,Azithromycin,115/81,78,100.7,100,Arm develop onto listen.,True,High,1 tablets,Once a day,13 days
user221,Pass@7774,teresaporter@example.net,Shawn Olsen,1957-06-20,2025-06-14,Headache,Dr. Kumar,Covid-19,Ibuprofen,112/65,65,101.5,91,Near trouble agent sell bit.,True,Medium,1 tablets,Once a day,10 days
user222,Pass@1632,vjohnson@example.org,Alejandro Patrick,1993-06-08,2025-07-04,Routine Checkup,Dr. Patel,Diabetes,Paracetamol,103/79,93,98.9,95,He base material box.,True,Medium,1 tablets,Once a day,4 days
user223,Pass@7414,carlsonwilliam@example.org,Cheyenne Williams,2005-12-21,2025-08-08,Fever,Dr. Patel,Covid-19,Metformin,112/89,73,97.5,93,Really dream student federal free scientist performance choose.,True,Low,2 tablets,Once a day,14 days
user224,Pass@8625,psmith@example.org,Kimberly Cook,1969-08-07,2025-12-15,Routine Checkup,Dr. Kumar,Diabetes,Azithromycin,133/60,99,100.4,90,Think talk arm four each effort management movie.,True,Low,2 tablets,Thrice a day,3 days
user225,Pass@3226,kimberly16@example.org,Deanna Lynch,1961-11-20,2025-05-06,Routine Checkup,Dr. Kumar,Asthma,Paracetamol,117/65,88,100.9,98,Push you adult base.,False,Medium,1 tablets,Twice a day,5 days
user226,Pass@2999,gomezrebecca@example.net,Mr. Jeffrey Todd,1969-01-08,2025-10-31,Fever,Dr. Reddy,Hypertension,Paracetamol,135/82,80,99.6,97,Health page give officer perhaps financial.,True,High,2 tablets,Twice a day,3 days
user227,Pass@6462,williamstimothy@example.com,Mr. Jeremiah Higgins,1961-03-17,2026-03-21,Cough,Dr. Kumar,Covid-19,Paracetamol,131/79,77,97.4,97,Born forget serious easy.,True,Low,2 tablets,Once a day,5 days
user228,Pass@8075,harmonleroy@example.com,Danielle Sweeney,1969-11-04,2026-03-09,Routine Checkup,Dr. Patel,Diabetes,Ibuprofen,119/78,97,99.3,97,Official idea reach social east read.,False,Low,1 tablets,Once a day,9 days
user229,Pass@2331,sosastephanie@example.net,Stephen Wilson,1974-11-24,2025-08-26,Chest Pain,Dr. Mehta,Migraine,Ibuprofen,97/83,89,101.5,90,Issue election want contain company them scientist.,True,Medium,1 tablets,Twice a day,12 days
user230,Pass@5941,joseblack@example.org,Anthony Morrison,2002-03-22,2025-11-15,Routine Checkup,Dr. Patel,Hypertension,Azithromycin,96/87,64,100.7,97,Always voice himself budget go nothing.,True,Low,2 tablets,Once a day,12 days
user231,Pass@9412,eric42@example.com,Kristin Garcia,2003-05-13,2025-08-07,Routine Checkup,Dr. Mehta,Asthma,Amlodipine,97/74,80,101.0,96,Could democratic free model.,False,High,2 tablets,Twice a day,9 days
user232,Pass@1120,dcaldwell@example.org,Denise Miller,1962-12-26,2025-10-13,Chest Pain,Dr. Patel,Covid-19,Amlodipine,105/80,61,98.5,95,Nearly court cost.,False,Low,1 tablets,Once a day,13 days
user233,Pass@8802,jenniferwalker@example.org,Connie Mann,1992-09-11,2026-01-02,Routine Checkup,Dr. Sharma,Diabetes,Paracetamol,117/61,99,99.7,97,Else look tend beyond.,False,High,1 tablets,Once a day,6 days
user234,Pass@9540,xmartin@example.com,Timothy Hernandez,2003-04-11,2025-09-01,Routine Checkup,Dr. Kumar,Migraine,Ibuprofen,125/80,87,99.7,92,Skill society over western east.,True,Low,1 tablets,Once a day,8 days
user235,Pass@9668,heather02@example.org,Kendra Smith,1959-11-12,2026-02-02,Routine Checkup,Dr. Reddy,Asthma,Ibuprofen,121/90,72,98.4,96,Trouble member which.,True,Medium,1 tablets,Once a day,8 days
user236,Pass@7266,kanejustin@example.org,Adam Richardson,1969-12-06,2026-03-12,Follow-up,Dr. Sharma,Covid-19,Ibuprofen,111/65,90,101.9,91,Need board opportunity always cup hand such or.,False,High,2 tablets,Twice a day,8 days
user237,Pass@4174,evanslori@example.com,Mary Wolf DVM,1967-03-25,2025-06-21,Routine Checkup,Dr. Reddy,Covid-19,Amlodipine,111/88,99,98.4,97,Authority together success push control between measure last.,True,Low,1 tablets,Twice a day,7 days
user238,Pass@5755,longtim@example.net,Desiree Raymond,1972-06-13,2026-01-16,Fever,Dr. Patel,Hypertension,Metformin,140/72,88,100.1,97,News yes wish decade whatever any.,True,Low,1 tablets,Thrice a day,6 days
user239,Pass@1834,nicole99@example.org,Joanna Powers,1971-04-05,2025-12-05,Follow-up,Dr. Mehta,Covid-19,Paracetamol,132/73,60,100.5,90,Difficult begin daughter least room real.,False,Medium,1 tablets,Thrice a day,8 days
user240,Pass@6976,bkelly@example.org,Shawn Le,2001-07-07,2025-11-12,Cough,Dr. Reddy,Migraine,Paracetamol,113/90,65,99.1,97,Billion fund early avoid feeling.,False,Medium,1 tablets,Once a day,10 days
user241,Pass@4462,kellyparker@example.com,Angela Anderson,1990-03-13,2026-01-11,Follow-up,Dr. Mehta,Hypertension,Amlodipine,107/66,81,99.0,91,Move second really inside husband interest.,False,High,2 tablets,Thrice a day,9 days
user242,Pass@8716,armstrongmaria@example.org,Cynthia Acevedo,1949-12-05,2026-03-07,Cough,Dr. Patel,Covid-19,Paracetamol,93/60,79,100.1,90,Moment environment science.,True,High,2 tablets,Twice a day,8 days
user243,Pass@9942,dylanriddle@example.com,Stephen Nelson,1991-06-14,2026-01-26,Headache,Dr. Sharma,Hypertension,Metformin,106/64,65,101.0,95,Investment check view his human.,True,Medium,1 tablets,Thrice a day,4 days
user244,Pass@5868,xfoley@example.com,Joseph Gomez,1986-04-20,2025-10-22,Chest Pain,Dr. Reddy,Flu,Metformin,118/68,91,98.8,97,Class note me particular use see.,True,Medium,2 tablets,Thrice a day,9 days
user245,Pass@1807,harrisjerry@example.com,Molly Hill,1976-11-18,2025-04-12,Fever,Dr. Kumar,Flu,Azithromycin,112/60,93,98.7,90,Attack ten network.,True,Low,1 tablets,Twice a day,12 days
user246,Pass@9629,amandamoore@example.com,Charles Smith,1951-12-05,2025-08-12,Headache,Dr. Kumar,Migraine,Paracetamol,101/68,81,99.8,93,Group answer around pattern cell western hundred.,True,Low,2 tablets,Once a day,11 days
user247,Pass@3935,brooksrichard@example.org,Tracy Williams,1968-09-19,2025-06-05,Cough,Dr. Mehta,Flu,Amlodipine,122/68,100,98.6,93,Within loss attention four game near go of.,False,Medium,1 tablets,Once a day,14 days
user248,Pass@9194,robert70@example.net,Paul Turner,1988-10-30,2025-08-23,Routine Checkup,Dr. Patel,Diabetes,Azithromycin,102/71,62,97.6,99,Job camera couple pay nothing.,False,Low,1 tablets,Once a day,10 days
user249,Pass@8750,phillipsanna@example.org,Leslie Castillo,2005-07-21,2026-01-03,Chest Pain,Dr. Mehta,Flu,Paracetamol,113/78,65,99.1,100,Sign bill brother can similar save.,True,Low,1 tablets,Once a day,4 days
user250,Pass@8276,matthew32@example.org,Melanie Booth,1984-07-14,2025-12-14,Chest Pain,Dr. Kumar,Covid-19,Azithromycin,97/87,68,101.7,93,Myself make suddenly maybe I level long plant.,False,Low,2 tablets,Thrice a day,12 days
user251,Pass@3210,ythomas@example.net,Robert Greene,1945-10-17,2025-10-17,Cough,Dr. Kumar,Flu,Paracetamol,97/90,70,98.9,100,Such site girl final.,True,Medium,2 tablets,Twice a day,3 days
user252,Pass@1165,sarahmcdonald@example.org,Jose Yoder,1952-04-11,2025-04-22,Headache,Dr. Reddy,Flu,Metformin,94/68,96,98.7,92,Sell miss affect.,True,Low,1 tablets,Thrice a day,4 days
user253,Pass@5407,kathysmith@example.org,Ian Chavez,1979-12-08,2025-04-14,Cough,Dr. Kumar,Migraine,Ibuprofen,91/62,77,97.3,97,Hold protect project open lay.,True,Low,2 tablets,Thrice a day,8 days
user254,Pass@2277,terrythomas@example.org,Darrell Washington,1969-09-03,2025-09-02,Follow-up,Dr. Reddy,Flu,Azithromycin,113/73,87,97.1,99,Information relate through too.,True,Medium,1 tablets,Twice a day,13 days
user255,Pass@5531,john39@example.com,Lisa Grant,1951-12-01,2025-10-10,Routine Checkup,Dr. Mehta,Flu,Metformin,91/79,64,97.8,90,Body Democrat tend tax me within.,False,High,2 tablets,Thrice a day,8 days
user256,Pass@9339,haydencarol@example.net,Kenneth Johnson,1966-02-13,2025-06-25,Fever,Dr. Kumar,Covid-19,Azithromycin,121/74,74,100.0,94,Memory budget show structure natural place.,True,High,1 tablets,Once a day,10 days
user257,Pass@7405,margaret10@example.org,Tyler Key,2005-03-10,2026-02-11,Chest Pain,Dr. Sharma,Diabetes,Amlodipine,110/67,86,101.3,94,Chair can training administration choice however.,False,Low,2 tablets,Thrice a day,5 days
user258,Pass@1942,mandywelch@example.com,Kelly Diaz,1976-01-10,2026-01-11,Routine Checkup,Dr. Sharma,Flu,Metformin,99/71,86,99.1,98,Between local employee claim dog at government performance.,False,High,2 tablets,Thrice a day,7 days
user259,Pass@8031,james72@example.org,Troy Nelson,2001-07-04,2025-07-06,Routine Checkup,Dr. Kumar,Asthma,Ibuprofen,120/69,79,97.1,91,Speak teacher carry section remain kid.,False,High,1 tablets,Thrice a day,7 days
user260,Pass@6721,walkerkathryn@example.org,Carrie Benton,1947-07-02,2025-11-06,Chest Pain,Dr. Mehta,Asthma,Paracetamol,122/82,77,101.0,95,Strong direction from involve full.,False,Low,2 tablets,Thrice a day,3 days
user261,Pass@9296,justin26@example.org,Patrick Jensen,2001-01-02,2026-04-02,Fever,Dr. Kumar,Covid-19,Metformin,107/87,88,99.9,92,Keep most skill toward director address.,False,Medium,1 tablets,Thrice a day,12 days
user262,Pass@8008,alexiswebb@example.com,Patricia Patrick,1949-07-30,2026-01-12,Routine Checkup,Dr. Kumar,Asthma,Azithromycin,100/84,62,101.1,100,Able wall who technology.,True,Low,2 tablets,Twice a day,9 days
user263,Pass@3274,paul80@example.net,Brandon Collier,1956-08-22,2025-05-29,Fever,Dr. Sharma,Asthma,Ibuprofen,126/75,79,99.3,91,Chair seem ago design support deal institution.,True,Low,2 tablets,Twice a day,14 days
user264,Pass@9418,joshua45@example.org,Carl Mooney,1981-10-26,2025-05-16,Chest Pain,Dr. Mehta,Hypertension,Azithromycin,90/66,100,101.4,90,Should laugh human image question special.,False,Low,2 tablets,Once a day,4 days
user265,Pass@5640,ryan93@example.org,Dr. Darren Cole DVM,1984-01-10,2026-02-22,Cough,Dr. Sharma,Covid-19,Ibuprofen,103/76,68,99.6,97,Image around social chance now least pretty small.,True,Low,2 tablets,Twice a day,10 days
user266,Pass@5801,fjackson@example.com,James Baldwin,1976-01-04,2025-12-20,Follow-up,Dr. Mehta,Asthma,Amlodipine,140/68,77,99.0,94,Among base stage general.,False,Medium,1 tablets,Twice a day,5 days
user267,Pass@4351,bmanning@example.com,Karina Reid,1960-08-17,2025-12-17,Follow-up,Dr. Reddy,Asthma,Azithromycin,113/70,65,101.3,90,Down how shake brother lose Democrat.,False,High,2 tablets,Once a day,4 days
user268,Pass@9227,crawfordzachary@example.com,Rachel Perez,1979-04-11,2026-02-28,Headache,Dr. Patel,Flu,Metformin,96/84,82,97.9,90,Control heavy fact human issue serve property.,False,High,1 tablets,Twice a day,9 days
user269,Pass@4877,madisonramos@example.net,Mr. Marcus Rodriguez,1968-05-11,2025-07-08,Follow-up,Dr. Sharma,Asthma,Metformin,109/74,73,101.0,100,Themselves leader purpose step source.,False,Low,1 tablets,Thrice a day,3 days
user270,Pass@6108,yhenderson@example.org,Emily Pitts,1986-03-09,2025-12-20,Fever,Dr. Kumar,Covid-19,Metformin,131/75,79,100.6,90,Water race begin theory within always.,False,Low,1 tablets,Twice a day,10 days
user271,Pass@2608,ngentry@example.net,Jim Rivera,1965-12-27,2025-11-22,Routine Checkup,Dr. Patel,Covid-19,Amlodipine,92/76,98,98.5,95,Program station popular sit then claim thus.,False,High,2 tablets,Twice a day,10 days
user272,Pass@5983,calvindickson@example.org,Jeffery Richardson,1997-07-22,2026-03-21,Headache,Dr. Sharma,Hypertension,Ibuprofen,125/61,90,99.2,100,Lot final away.,False,Medium,2 tablets,Thrice a day,13 days
user273,Pass@2625,vhughes@example.org,Megan Craig,2002-01-16,2025-12-31,Headache,Dr. Mehta,Hypertension,Metformin,102/75,65,99.8,96,Together huge fast radio ball trouble cup.,True,Low,1 tablets,Once a day,3 days
user274,Pass@8054,eferguson@example.org,Carrie Smith,1997-09-05,2026-01-06,Headache,Dr. Sharma,Diabetes,Paracetamol,92/87,73,100.9,97,Performance garden girl through.,True,Medium,1 tablets,Once a day,4 days
user275,Pass@4923,harrisonruben@example.org,Kenneth Mueller,1971-05-02,2025-06-09,Cough,Dr. Reddy,Diabetes,Metformin,101/71,94,99.1,98,Big music bank magazine.,False,Low,1 tablets,Once a day,10 days
user276,Pass@3204,josephnoble@example.net,Linda Lopez,1961-09-30,2025-10-21,Follow-up,Dr. Patel,Migraine,Amlodipine,103/66,94,100.4,95,Agent policy specific quickly contain detail commercial.,True,Medium,1 tablets,Twice a day,7 days
user277,Pass@2814,caitlin45@example.org,Kathleen Lopez,2005-10-16,2025-09-06,Headache,Dr. Kumar,Migraine,Ibuprofen,130/65,67,100.8,96,Often sea drive rather enjoy.,False,Medium,1 tablets,Thrice a day,4 days
user278,Pass@4797,ydavis@example.net,Karen Smith,1973-04-16,2025-08-28,Cough,Dr. Mehta,Flu,Azithromycin,137/68,69,97.4,99,Training magazine president.,True,High,1 tablets,Thrice a day,4 days
user279,Pass@2714,sergioedwards@example.com,Jessica Smith,2004-04-06,2025-12-26,Chest Pain,Dr. Mehta,Migraine,Metformin,102/88,89,99.3,97,Give home assume cover myself trial student.,True,Medium,2 tablets,Thrice a day,9 days
user280,Pass@7894,james23@example.com,Mark Sandoval,1961-09-17,2025-07-28,Cough,Dr. Mehta,Asthma,Amlodipine,136/80,69,99.6,97,Those who wish.,True,Medium,1 tablets,Thrice a day,7 days
user281,Pass@1647,abranch@example.org,Michael Campbell,1965-11-21,2025-07-24,Cough,Dr. Sharma,Diabetes,Metformin,117/69,64,100.1,92,Citizen weight shake include far worker third century.,True,High,2 tablets,Thrice a day,6 days
user282,Pass@2987,karlanderson@example.net,Natalie Freeman,2000-06-22,2025-08-02,Cough,Dr. Patel,Diabetes,Paracetamol,117/62,65,97.5,98,Boy perhaps away may hard floor.,False,Low,2 tablets,Thrice a day,5 days
user283,Pass@8137,znelson@example.com,Sue Miller,1985-04-16,2025-04-30,Headache,Dr. Kumar,Migraine,Amlodipine,94/61,60,101.3,96,Strategy remember behavior administration.,True,Medium,2 tablets,Twice a day,7 days
user284,Pass@6004,joseph31@example.org,Jose Parsons,2000-12-13,2025-11-25,Fever,Dr. Mehta,Diabetes,Ibuprofen,139/76,73,97.8,90,Walk total onto.,False,Medium,1 tablets,Twice a day,6 days
user285,Pass@4537,louis40@example.com,Cindy Huber,1997-01-02,2025-12-24,Routine Checkup,Dr. Sharma,Migraine,Paracetamol,121/87,85,100.2,97,Fill hand understand ball assume economic see protect.,False,Medium,2 tablets,Twice a day,12 days
user286,Pass@6395,jamesvazquez@example.com,Brian Boyd,1972-09-02,2025-11-02,Headache,Dr. Kumar,Flu,Paracetamol,113/60,77,100.1,93,Include water these space thus investment.,False,Medium,2 tablets,Thrice a day,12 days
user287,Pass@3834,qmartinez@example.net,Joanne Walsh,1959-04-20,2025-04-17,Cough,Dr. Mehta,Asthma,Ibuprofen,94/60,90,98.0,98,Recognize generation positive surface.,False,Low,1 tablets,Twice a day,9 days
user288,Pass@4499,jerrysantos@example.net,Michele Beck,1975-10-01,2025-08-15,Headache,Dr. Sharma,Flu,Metformin,122/78,86,99.4,92,Bit character relate group painting book.,False,Low,1 tablets,Twice a day,5 days
user289,Pass@6381,lbailey@example.org,Nathaniel Edwards,1955-03-03,2026-03-17,Chest Pain,Dr. Mehta,Asthma,Paracetamol,102/71,84,101.7,90,Plant condition consider open.,True,Medium,2 tablets,Once a day,14 days
user290,Pass@3126,jacobsdouglas@example.com,Andrea Johnson,2001-06-25,2025-12-27,Cough,Dr. Reddy,Flu,Azithromycin,93/88,65,98.7,98,Full water near executive win.,True,High,2 tablets,Thrice a day,14 days
user291,Pass@8905,xray@example.org,Jacqueline Jones,1980-11-28,2026-04-02,Fever,Dr. Patel,Hypertension,Metformin,121/79,60,98.0,98,Go green cold collection it majority.,True,Low,1 tablets,Thrice a day,5 days
user292,Pass@7520,xbolton@example.com,Karina Black,1958-11-27,2026-01-20,Cough,Dr. Mehta,Covid-19,Azithromycin,138/70,64,99.3,99,Share particular large indeed north face.,False,Medium,1 tablets,Twice a day,4 days
user293,Pass@5018,kellerdennis@example.org,Terry Lara,1978-03-25,2025-12-31,Headache,Dr. Sharma,Hypertension,Amlodipine,134/69,65,98.3,97,Ready message glass ask first between nearly.,True,Low,2 tablets,Thrice a day,11 days
user294,Pass@1243,tylergarcia@example.net,Austin White,1998-12-02,2025-07-23,Fever,Dr. Mehta,Covid-19,Ibuprofen,105/88,97,100.4,99,Party know wind nor range.,False,High,2 tablets,Twice a day,13 days
user295,Pass@3687,jo23@example.net,Taylor Smith,1964-07-20,2025-12-20,Headache,Dr. Kumar,Asthma,Ibuprofen,95/65,73,98.3,100,Life phone shake election campaign newspaper hotel film.,True,Low,1 tablets,Once a day,8 days
user296,Pass@8154,hhaney@example.net,Kelly Johnson,1966-11-05,2025-06-29,Headache,Dr. Mehta,Migraine,Paracetamol,102/85,96,99.9,97,Economic quite year learn avoid off.,True,Low,1 tablets,Twice a day,11 days
user297,Pass@8486,xwright@example.net,Kaitlyn Holmes MD,1969-08-24,2025-04-10,Chest Pain,Dr. Patel,Asthma,Paracetamol,92/76,65,101.4,91,Between become official bit ok blood five.,True,Medium,2 tablets,Once a day,7 days
user298,Pass@3268,vgordon@example.org,Angela Garcia,1997-03-17,2025-04-19,Cough,Dr. Kumar,Migraine,Amlodipine,114/61,83,99.8,93,Arm present job.,True,Low,2 tablets,Once a day,3 days
user299,Pass@3545,laurenscott@example.net,Tyler Nunez,1980-11-04,2025-10-01,Headache,Dr. Sharma,Migraine,Amlodipine,94/85,64,98.7,94,Million despite state course attention.,True,High,2 tablets,Twice a day,13 days
user300,Pass@4662,bryan67@example.com,Amanda Dawson,1957-12-22,2025-09-17,Cough,Dr. Mehta,Asthma,Azithromycin,123/76,62,99.0,93,Sort back authority concern.,False,Medium,2 tablets,Twice a day,3 days
user301,Pass@6694,michellecardenas@example.net,Pamela Richardson,2004-12-05,2025-07-07,Headache,Dr. Sharma,Covid-19,Azithromycin,139/63,86,98.9,93,East individual no time prevent.,False,Low,2 tablets,Once a day,11 days
user302,Pass@9495,jasmine64@example.org,Ann Mcdonald,1947-08-27,2025-12-08,Headache,Dr. Sharma,Diabetes,Azithromycin,92/73,83,101.5,96,Learn sign politics improve.,False,Medium,1 tablets,Twice a day,13 days
user303,Pass@6817,shane09@example.com,Jessica Hughes,1979-01-07,2025-12-09,Routine Checkup,Dr. Reddy,Diabetes,Ibuprofen,131/79,88,97.1,99,Its wonder since do strategy conference.,True,Medium,1 tablets,Thrice a day,3 days
user304,Pass@6185,ricardo02@example.com,Cynthia Brown,2006-09-03,2025-06-29,Routine Checkup,Dr. Mehta,Diabetes,Azithromycin,92/89,82,97.3,92,Argue open way manager interview respond fast.,False,Low,2 tablets,Twice a day,5 days
user305,Pass@3993,kevinmclean@example.net,Jonathan Burgess,1987-01-14,2025-10-08,Routine Checkup,Dr. Sharma,Flu,Paracetamol,136/86,76,99.6,99,Media market deep agent picture must.,True,Low,2 tablets,Twice a day,13 days
user306,Pass@4340,yjames@example.com,Rachel Johnson,1998-02-07,2025-04-29,Fever,Dr. Kumar,Hypertension,Azithromycin,133/87,95,100.5,93,Possible kid floor.,True,Low,1 tablets,Twice a day,13 days
user307,Pass@4998,johnnybaker@example.com,Christopher Taylor,1996-01-09,2025-11-09,Fever,Dr. Sharma,Flu,Ibuprofen,106/62,67,98.7,90,Either agent executive street.,False,Medium,2 tablets,Once a day,4 days
user308,Pass@7150,rubenweiss@example.org,Candice Davis,1950-10-19,2025-10-02,Headache,Dr. Kumar,Hypertension,Azithromycin,100/70,65,97.8,90,Instead job director actually time foot.,True,Medium,1 tablets,Once a day,14 days
user309,Pass@2710,jennifer37@example.net,Kenneth Collins,1998-08-16,2026-02-05,Headache,Dr. Sharma,Flu,Amlodipine,140/77,74,100.1,92,House fill response way.,True,Low,1 tablets,Thrice a day,8 days
user310,Pass@3245,katherinebrown@example.com,Michael Martinez,1990-04-04,2025-09-01,Follow-up,Dr. Mehta,Migraine,Ibuprofen,117/82,98,101.9,92,New physical everything lay technology.,False,Medium,1 tablets,Twice a day,13 days
user311,Pass@6277,dwolfe@example.org,Jean Torres,1985-09-28,2025-06-19,Follow-up,Dr. Patel,Hypertension,Paracetamol,94/87,94,98.4,93,Cost message member.,True,High,2 tablets,Twice a day,5 days
user312,Pass@4043,campbellsandra@example.org,Heather Gutierrez,1977-10-31,2025-09-17,Fever,Dr. Mehta,Diabetes,Paracetamol,92/84,74,99.0,100,House she political.,True,Medium,1 tablets,Twice a day,7 days
user313,Pass@2986,jack62@example.org,Katherine Nunez,1965-04-24,2026-01-27,Cough,Dr. Sharma,Hypertension,Azithromycin,91/87,73,100.2,92,Surface accept church general expert able.,True,High,1 tablets,Twice a day,9 days
user314,Pass@6147,brewerholly@example.net,Mark Oneal,1979-02-17,2025-10-06,Routine Checkup,Dr. Kumar,Diabetes,Amlodipine,91/76,80,99.2,94,Check economic Mr later use recently religious.,False,High,1 tablets,Thrice a day,10 days
user315,Pass@7386,buckrobert@example.com,Katherine Myers,1951-01-30,2025-05-22,Chest Pain,Dr. Kumar,Migraine,Azithromycin,120/66,87,98.9,98,Example poor change whom sing it remain.,True,High,1 tablets,Thrice a day,8 days
user316,Pass@2237,cameron29@example.org,Thomas Garcia,1988-07-18,2026-02-09,Headache,Dr. Reddy,Diabetes,Metformin,90/85,90,98.3,98,Either risk owner message different itself offer.,False,High,2 tablets,Once a day,10 days
user317,Pass@4941,michaelsheppard@example.com,Benjamin Lawrence,1998-08-05,2026-03-10,Routine Checkup,Dr. Kumar,Covid-19,Azithromycin,100/74,95,101.0,98,Morning see image bag.,True,Medium,1 tablets,Once a day,14 days
user318,Pass@2600,natalie39@example.org,Jodi Walls,1956-02-13,2025-06-27,Fever,Dr. Patel,Diabetes,Azithromycin,92/77,92,97.6,90,Room sure office fact major upon.,True,Medium,2 tablets,Thrice a day,10 days
user319,Pass@8053,vrangel@example.org,Caitlin Miller,1988-06-12,2025-12-03,Routine Checkup,Dr. Mehta,Asthma,Paracetamol,106/61,70,98.3,96,Right TV name black would fact.,True,Low,2 tablets,Twice a day,10 days
user320,Pass@2109,andreanewman@example.net,Kevin Costa,1949-11-01,2026-03-15,Routine Checkup,Dr. Patel,Covid-19,Ibuprofen,115/70,62,98.8,100,Possible couple election nature them.,False,Medium,2 tablets,Twice a day,14 days
user321,Pass@1000,nicole24@example.org,Steven Williamson DDS,2003-05-25,2025-12-27,Fever,Dr. Mehta,Migraine,Paracetamol,97/70,61,99.1,96,West final simply their similar.,False,Low,2 tablets,Once a day,11 days
user322,Pass@8934,amccarthy@example.org,Dan Ferguson,1992-03-08,2025-07-16,Fever,Dr. Mehta,Migraine,Amlodipine,112/71,82,98.6,94,Letter happy himself may claim.,False,Low,2 tablets,Once a day,9 days
user323,Pass@9513,vegatiffany@example.com,David Shelton,2005-04-02,2026-01-11,Cough,Dr. Patel,Asthma,Ibuprofen,139/68,72,98.9,91,Camera million your this senior could.,True,Low,1 tablets,Once a day,4 days
user324,Pass@5274,jeanettesmith@example.org,Yvette Smith,1990-12-15,2025-05-29,Chest Pain,Dr. Reddy,Flu,Azithromycin,111/85,67,100.7,98,Reason relate necessary offer fish all.,True,Low,2 tablets,Twice a day,9 days
user325,Pass@8463,moralesmatthew@example.org,Anna Rogers,1960-10-09,2026-01-31,Cough,Dr. Sharma,Diabetes,Amlodipine,102/60,61,98.4,95,You society nearly there.,True,Medium,1 tablets,Thrice a day,5 days
user326,Pass@5807,george85@example.com,Cindy White,1994-03-06,2026-02-19,Follow-up,Dr. Reddy,Asthma,Paracetamol,134/61,83,97.1,93,Others body professor owner.,False,High,2 tablets,Twice a day,13 days
user327,Pass@3972,lynchjessica@example.org,David Hudson,1960-09-12,2025-06-10,Follow-up,Dr. Reddy,Migraine,Ibuprofen,116/73,85,97.9,97,Indeed decide site course likely hand.,False,Medium,1 tablets,Once a day,12 days
user328,Pass@1658,torresstephen@example.net,Jesse French,1950-06-20,2025-10-07,Fever,Dr. Kumar,Asthma,Amlodipine,111/80,63,100.6,96,Side need stay let rock.,True,High,2 tablets,Once a day,11 days
user329,Pass@3517,tmartin@example.com,Bryan Craig,1999-11-22,2025-10-27,Cough,Dr. Reddy,Migraine,Metformin,116/86,96,101.0,93,Argue allow firm federal.,False,Low,2 tablets,Twice a day,3 days
user330,Pass@3401,ryanmolina@example.org,Megan Koch,2003-04-21,2026-03-01,Headache,Dr. Sharma,Covid-19,Metformin,127/73,86,97.2,99,Fact share again back do election prevent.,False,Medium,1 tablets,Once a day,10 days
user331,Pass@7719,orozcosarah@example.net,Harold Lee,1993-03-23,2025-10-03,Routine Checkup,Dr. Sharma,Flu,Paracetamol,94/82,61,100.0,94,Ten director history free box do.,False,Medium,2 tablets,Thrice a day,7 days
user332,Pass@5773,brownvalerie@example.org,Terri Gonzalez,1960-01-27,2025-06-30,Follow-up,Dr. Sharma,Diabetes,Amlodipine,118/80,68,100.0,96,Reflect machine stay stock whole.,True,Low,1 tablets,Twice a day,5 days
user333,Pass@8834,hayesdarrell@example.com,Derek Walker,1973-07-12,2025-07-17,Follow-up,Dr. Mehta,Flu,Paracetamol,138/83,76,98.4,90,Firm small operation idea.,True,Low,1 tablets,Once a day,10 days
user334,Pass@6634,hsmith@example.net,Paul Allen,1977-05-20,2025-06-07,Cough,Dr. Kumar,Migraine,Ibuprofen,138/77,66,101.2,94,Character attorney force here short.,False,High,1 tablets,Thrice a day,8 days
user335,Pass@3168,johnstonjoel@example.org,Sierra Ellison,1954-04-23,2025-06-08,Cough,Dr. Reddy,Covid-19,Azithromycin,110/89,92,101.0,91,Work full possible gun off none and.,False,Low,1 tablets,Twice a day,7 days
user336,Pass@8410,allison52@example.org,Kimberly Hunter,1951-11-17,2025-08-27,Cough,Dr. Sharma,Diabetes,Azithromycin,92/83,63,99.6,92,Perhaps little price door these.,True,Medium,1 tablets,Twice a day,13 days
user337,Pass@7925,matthewherrera@example.org,April Barnes,1995-06-25,2025-10-02,Fever,Dr. Reddy,Covid-19,Paracetamol,123/78,83,98.1,95,Treat situation unit enjoy wife.,False,Low,2 tablets,Thrice a day,12 days
user338,Pass@7403,vnewman@example.org,Thomas Hall,1985-02-18,2025-06-06,Chest Pain,Dr. Patel,Diabetes,Amlodipine,123/60,67,97.1,92,Just approach including election.,True,Low,1 tablets,Twice a day,3 days
user339,Pass@4030,cookashley@example.org,Tanner George,1993-05-31,2026-01-02,Routine Checkup,Dr. Reddy,Covid-19,Azithromycin,136/75,68,97.1,97,Apply amount because stop suffer a.,False,High,2 tablets,Thrice a day,10 days
user340,Pass@8587,jthompson@example.com,Thomas Lane Jr.,1988-08-01,2025-09-15,Headache,Dr. Mehta,Asthma,Amlodipine,116/72,96,101.5,92,He look perform Congress.,False,High,2 tablets,Twice a day,11 days
user341,Pass@2455,maryhoffman@example.net,Vanessa Harrison,1956-04-04,2026-01-28,Headache,Dr. Mehta,Migraine,Azithromycin,109/86,87,98.7,98,Describe dog weight nice.,False,Low,1 tablets,Twice a day,9 days
user342,Pass@5714,ashleylang@example.org,Jonathan Finley,2004-12-29,2026-02-19,Follow-up,Dr. Reddy,Hypertension,Azithromycin,126/68,90,101.8,99,Scene person suggest spring view natural.,True,Medium,2 tablets,Twice a day,9 days
user343,Pass@7093,michael79@example.org,Joan Scott,1963-08-04,2026-01-03,Headache,Dr. Kumar,Diabetes,Ibuprofen,105/85,61,101.1,96,Growth mind billion common.,True,Low,2 tablets,Once a day,12 days
user344,Pass@7524,jpruitt@example.org,Katherine Smith,1978-07-01,2025-11-04,Headache,Dr. Mehta,Flu,Paracetamol,113/73,91,98.2,98,Responsibility article door.,True,Medium,1 tablets,Once a day,13 days
user345,Pass@3748,johnpowell@example.net,Renee Williams,2005-12-07,2025-12-04,Fever,Dr. Patel,Asthma,Azithromycin,124/86,88,97.4,93,Morning Mrs threat power ask middle.,True,Medium,2 tablets,Thrice a day,11 days
user346,Pass@4890,suttonshelly@example.org,Lauren Murphy,2000-07-04,2026-01-19,Chest Pain,Dr. Reddy,Asthma,Ibuprofen,102/81,71,101.2,96,Save mind well also.,False,High,2 tablets,Thrice a day,10 days
user347,Pass@8008,cruzlori@example.org,Nicole Morrow,1993-03-21,2025-08-07,Routine Checkup,Dr. Mehta,Migraine,Paracetamol,105/72,71,100.0,92,Song wife new but.,False,High,1 tablets,Twice a day,8 days
user348,Pass@6190,donaldprice@example.org,Brian Jones,1991-08-30,2025-06-06,Follow-up,Dr. Patel,Asthma,Metformin,100/86,73,98.9,99,House movie ago ready various morning.,False,Medium,1 tablets,Thrice a day,4 days
user349,Pass@2945,dorseyjohn@example.net,Joshua Webster,2002-05-28,2026-02-19,Fever,Dr. Patel,Flu,Amlodipine,121/88,85,100.5,91,Nearly pay kitchen house through.,True,Low,1 tablets,Thrice a day,3 days
user350,Pass@9322,grace03@example.com,Bobby Hernandez,1996-10-25,2026-02-24,Cough,Dr. Sharma,Diabetes,Metformin,130/67,64,101.3,99,Good agree democratic yeah space effect plan.,False,High,2 tablets,Thrice a day,10 days
user351,Pass@8389,samanthamyers@example.org,Renee Reed,1963-08-04,2025-11-01,Routine Checkup,Dr. Sharma,Diabetes,Paracetamol,106/72,67,101.1,94,Decide too majority and movement.,True,Low,2 tablets,Thrice a day,13 days
user352,Pass@3894,wheelersandra@example.net,Cassidy Fisher,1987-09-15,2025-07-25,Headache,Dr. Reddy,Hypertension,Paracetamol,119/75,65,101.3,93,Far reach federal where specific wait.,False,Low,2 tablets,Twice a day,3 days
user353,Pass@3198,brandywilliamson@example.net,John Jones,1957-02-02,2025-12-18,Chest Pain,Dr. Sharma,Diabetes,Ibuprofen,110/78,75,100.2,98,Keep around argue ago soon.,True,High,1 tablets,Thrice a day,3 days
user354,Pass@4388,jwilliams@example.com,Francisco Long,1951-06-01,2025-08-06,Routine Checkup,Dr. Mehta,Migraine,Metformin,115/84,61,97.8,96,Face change door news recently choice himself region.,False,Medium,1 tablets,Thrice a day,8 days
user355,Pass@1306,jennifer69@example.net,Lori Cooper,2002-10-10,2026-01-07,Cough,Dr. Sharma,Flu,Metformin,113/71,76,98.7,93,Able language necessary.,False,Low,1 tablets,Twice a day,7 days
user356,Pass@9983,carrillogregory@example.org,Jennifer Le,2005-03-12,2025-07-11,Cough,Dr. Sharma,Hypertension,Paracetamol,94/82,75,101.8,90,Family around worker people five.,True,High,1 tablets,Once a day,9 days
user357,Pass@4366,mgarcia@example.net,Alyssa Guzman,1978-07-25,2025-04-20,Cough,Dr. Patel,Covid-19,Azithromycin,96/79,93,97.9,90,Of this officer brother forget rate population.,True,High,1 tablets,Once a day,4 days
user358,Pass@9347,monica90@example.org,Donna Crawford,1955-05-24,2026-03-18,Fever,Dr. Mehta,Asthma,Ibuprofen,126/72,90,98.0,97,Contain rest store day prove about.,True,High,2 tablets,Twice a day,3 days
user359,Pass@8951,turnerbarbara@example.com,Andrew Day,1965-07-21,2025-04-13,Chest Pain,Dr. Reddy,Diabetes,Metformin,135/76,70,100.5,94,Recently job family add fight.,False,Medium,2 tablets,Thrice a day,10 days
user360,Pass@3705,coopermary@example.com,Denise Watts,1991-05-01,2025-07-07,Routine Checkup,Dr. Reddy,Covid-19,Metformin,108/61,83,101.4,99,Plan make three lay remain wear.,False,Low,1 tablets,Twice a day,7 days
user361,Pass@4421,paula57@example.org,Lisa Miller,1967-02-21,2025-10-14,Cough,Dr. Mehta,Migraine,Metformin,100/87,89,98.2,92,Race person talk mission center.,False,Low,1 tablets,Twice a day,6 days
user362,Pass@9779,smithelizabeth@example.net,Laurie Lopez,1972-09-14,2026-01-10,Chest Pain,Dr. Mehta,Diabetes,Amlodipine,131/72,67,97.9,98,Indicate reason someone success fire Republican health.,False,Medium,2 tablets,Thrice a day,9 days
user363,Pass@8908,jsnyder@example.net,Michael Bradley,1983-10-23,2025-11-14,Cough,Dr. Mehta,Hypertension,Paracetamol,100/81,93,100.2,100,Increase type direction send main rock recent.,False,Medium,2 tablets,Thrice a day,9 days
user364,Pass@2174,nicholassolis@example.net,Julia Walker,1960-12-20,2025-08-09,Follow-up,Dr. Sharma,Migraine,Amlodipine,123/77,70,100.7,98,Car sister side soldier middle idea.,True,Low,1 tablets,Once a day,10 days
user365,Pass@4272,mirandahorton@example.org,Christopher Wade,1968-01-20,2025-04-05,Cough,Dr. Kumar,Migraine,Metformin,104/85,88,101.0,97,While easy too husband performance.,True,Low,2 tablets,Once a day,13 days
user366,Pass@9748,huntpaul@example.com,Angel Ingram,1946-04-23,2025-12-16,Cough,Dr. Mehta,Flu,Azithromycin,102/74,63,97.7,95,Six treatment cover authority source bank choose talk.,False,High,2 tablets,Thrice a day,11 days
user367,Pass@8013,gilbert70@example.org,Michael Lee,1979-10-25,2025-04-26,Cough,Dr. Mehta,Asthma,Ibuprofen,97/73,66,97.8,98,Sound certain themselves sport yes project analysis.,True,High,1 tablets,Thrice a day,4 days
user368,Pass@4279,urichardson@example.com,James Thompson,1998-01-19,2025-08-31,Routine Checkup,Dr. Sharma,Diabetes,Amlodipine,135/65,75,97.8,96,Well treat sea sport agree statement.,True,Medium,1 tablets,Thrice a day,8 days
user369,Pass@4761,mbeasley@example.org,Angela Nelson,1945-08-02,2025-08-21,Fever,Dr. Sharma,Hypertension,Ibuprofen,110/61,75,97.0,97,Lay get thank sign the nothing economy.,False,Medium,1 tablets,Thrice a day,6 days
user370,Pass@6907,melaniejones@example.org,Jennifer Holland,1971-02-27,2025-11-24,Headache,Dr. Patel,Asthma,Metformin,107/69,91,99.3,95,Mrs agreement save fact.,False,High,2 tablets,Thrice a day,10 days
user371,Pass@5331,jerryroberts@example.org,Kevin Kirk,1963-12-22,2025-10-12,Cough,Dr. Mehta,Hypertension,Paracetamol,94/81,80,98.0,97,Movement American mean agreement strong federal rest total.,True,Medium,2 tablets,Once a day,5 days
user372,Pass@9349,garciajulie@example.net,Mary Williamson,1979-03-11,2025-09-03,Follow-up,Dr. Sharma,Migraine,Metformin,132/76,96,99.7,90,Pass hear fight what protect top capital.,False,High,2 tablets,Thrice a day,10 days
user373,Pass@9478,melissawilliams@example.net,Shari Bright,1951-04-12,2025-11-07,Cough,Dr. Patel,Migraine,Metformin,127/66,93,100.9,96,All interest he give car good five.,True,High,2 tablets,Twice a day,6 days
user374,Pass@2519,jrodriguez@example.net,Rodney Reynolds,1997-09-04,2025-07-19,Fever,Dr. Sharma,Diabetes,Amlodipine,105/79,66,99.0,97,Card walk rise can school participant.,False,Medium,2 tablets,Twice a day,7 days
user375,Pass@8506,ebrown@example.org,Melanie Thornton,1985-06-05,2025-12-28,Follow-up,Dr. Patel,Flu,Paracetamol,122/79,93,100.9,95,Maybe recently sound table smile follow or voice.,True,High,2 tablets,Thrice a day,9 days
user376,Pass@9647,zwood@example.com,Jason Pena,1956-12-26,2025-11-29,Chest Pain,Dr. Sharma,Covid-19,Azithromycin,113/89,66,99.2,91,How agent huge manage.,True,Medium,1 tablets,Twice a day,5 days
user377,Pass@7973,robertkim@example.org,Jennifer Martin,1997-04-14,2025-05-03,Routine Checkup,Dr. Reddy,Diabetes,Ibuprofen,90/73,99,99.0,99,Between position close everybody physical.,False,Medium,1 tablets,Thrice a day,4 days
user378,Pass@4143,imontes@example.net,Abigail Gonzalez,1946-10-16,2025-10-31,Follow-up,Dr. Patel,Asthma,Paracetamol,119/79,99,101.0,97,Behind live onto various for kid small issue.,True,Medium,1 tablets,Thrice a day,13 days
user379,Pass@3054,amber02@example.com,Joseph Collins,1995-10-27,2026-03-15,Headache,Dr. Patel,Hypertension,Amlodipine,119/67,96,97.5,96,East interview similar next national writer.,True,Medium,2 tablets,Twice a day,6 days
user380,Pass@6392,denise90@example.org,Zachary Dixon,1988-11-22,2025-10-15,Headache,Dr. Reddy,Covid-19,Metformin,125/67,99,101.1,98,Young play rich audience whole.,False,Medium,1 tablets,Thrice a day,8 days
user381,Pass@5049,lindsayprice@example.org,Anthony Adams,2006-11-16,2025-06-15,Cough,Dr. Kumar,Diabetes,Paracetamol,134/69,73,98.4,90,Cup growth four set six.,True,High,1 tablets,Twice a day,11 days
user382,Pass@7860,williamking@example.net,Joshua Harmon DDS,1984-02-19,2025-09-24,Cough,Dr. Patel,Asthma,Amlodipine,116/85,89,100.2,93,Again professional wonder support popular join fear.,True,Medium,1 tablets,Once a day,11 days
user383,Pass@3578,thomasjones@example.net,Toni Williams,1992-12-04,2025-12-11,Chest Pain,Dr. Sharma,Covid-19,Azithromycin,110/74,76,97.7,100,Us culture change.,False,High,2 tablets,Thrice a day,11 days
user384,Pass@1883,paula66@example.com,Justin Henderson,1976-03-20,2026-03-09,Cough,Dr. Sharma,Flu,Metformin,131/77,87,98.5,99,So shake let discuss.,False,Low,2 tablets,Thrice a day,4 days
user385,Pass@3377,traceywilliams@example.org,Edward Davis,1993-02-19,2026-02-14,Chest Pain,Dr. Mehta,Covid-19,Ibuprofen,105/68,65,97.7,98,Similar record whether bar camera pick.,False,Medium,2 tablets,Twice a day,14 days
user386,Pass@3988,ericacarroll@example.org,Oscar Brown,1953-07-08,2026-01-30,Follow-up,Dr. Kumar,Migraine,Metformin,129/64,80,99.4,91,Radio father weight still happy reveal.,False,Low,1 tablets,Thrice a day,12 days
user387,Pass@8570,mistywiley@example.org,Jennifer Mendoza,1960-07-30,2025-09-10,Chest Pain,Dr. Sharma,Flu,Metformin,91/81,76,101.3,90,Identify get kid sense wish board.,True,Medium,1 tablets,Twice a day,7 days
user388,Pass@4179,kayleekerr@example.com,Karen Williams,2007-01-16,2026-03-19,Cough,Dr. Sharma,Covid-19,Metformin,103/82,94,100.9,96,Indeed fact husband bed study prevent group.,False,Low,2 tablets,Thrice a day,6 days
user389,Pass@3970,hannah54@example.net,James Calhoun,1957-10-03,2025-12-10,Chest Pain,Dr. Kumar,Hypertension,Metformin,97/69,73,101.5,94,Each everybody worker throw just anyone.,True,High,1 tablets,Once a day,5 days
user390,Pass@1488,susan65@example.org,Nicole Maxwell,1974-10-24,2025-08-02,Cough,Dr. Patel,Covid-19,Metformin,116/66,69,100.1,94,Visit item responsibility smile make force there.,True,High,1 tablets,Twice a day,10 days
user391,Pass@4145,twilliams@example.com,Jared Burton,1958-10-21,2025-10-31,Chest Pain,Dr. Mehta,Diabetes,Metformin,127/61,68,98.9,100,Prove certainly produce.,True,Low,1 tablets,Once a day,11 days
user392,Pass@6830,kristenstevens@example.com,James Massey,1966-12-15,2025-10-09,Headache,Dr. Reddy,Asthma,Metformin,115/88,81,97.2,97,Answer firm total light include good group.,False,Medium,2 tablets,Twice a day,10 days
user393,Pass@2762,michellefarley@example.com,Mark Moreno,1973-08-19,2025-08-12,Routine Checkup,Dr. Kumar,Hypertension,Amlodipine,128/65,73,97.3,100,Economy trade war hear report director police long.,True,Low,1 tablets,Once a day,12 days
user394,Pass@2835,michael23@example.org,Stacy Owens,1999-01-09,2025-09-08,Routine Checkup,Dr. Mehta,Asthma,Paracetamol,135/60,87,98.9,93,Along truth color movie.,True,Low,2 tablets,Twice a day,8 days
user395,Pass@9108,whiteandrew@example.com,Sally Cole,1972-02-24,2026-01-05,Headache,Dr. Patel,Migraine,Paracetamol,113/73,64,101.0,100,Human month wrong almost alone much.,False,High,2 tablets,Once a day,11 days
user396,Pass@3033,andrew47@example.net,Michael Armstrong,1953-01-08,2026-01-24,Follow-up,Dr. Sharma,Migraine,Amlodipine,92/82,92,100.4,93,Pay hear seat fear our.,True,Low,2 tablets,Once a day,3 days
user397,Pass@8846,mariahramirez@example.org,Ashley Ingram,2002-12-11,2025-08-09,Fever,Dr. Kumar,Covid-19,Paracetamol,103/82,73,98.5,97,Whether exist unit take make social.,True,High,1 tablets,Once a day,9 days
user398,Pass@2523,riveranatasha@example.net,Jesse Weaver,1960-12-19,2025-05-11,Cough,Dr. Reddy,Diabetes,Paracetamol,118/66,92,97.2,92,Situation idea seek agency describe usually reflect.,False,Medium,2 tablets,Once a day,10 days
user399,Pass@1365,alexander23@example.org,Bobby Gonzales,1997-07-11,2025-04-18,Follow-up,Dr. Patel,Migraine,Paracetamol,107/83,62,99.5,90,Like face unit never certain program.,False,Medium,2 tablets,Twice a day,14 days
user400,Pass@4062,scottbarnett@example.org,Christina Graham,1973-01-29,2025-05-20,Routine Checkup,Dr. Patel,Flu,Metformin,96/87,99,101.4,99,Itself soldier role factor.,False,Medium,1 tablets,Twice a day,11 days
